vuln_id;ativo_id;severidade_corrigida;cvss_score;origem;status_vulnerabilidade;data_abertura;data_correcao;sistema;criticidade_ativo;ambiente;status_ativo;ativo_id_1;dominio;localidade;flag_ativo_orfao;flag_data_abertura_invalida;flag_data_correcao_futura;flag_erro_data_sla;dias_para_correcao
V00001;A0078;Baixa;2.8;Cloud Security;Em tratamento;2026-03-21;;Sistema_78;Crítica;Homologação;Ativo;A0078;Dominio_7;São Paulo;false;false;;0;
V00002;A0060;Alta;7.5;Qualys;Em tratamento;2026-06-01;;Sistema_60;Média;Não Mapeado;Ativo;A0060;Dominio_1;Curitiba;false;false;;0;
V00003;A0080;Baixa;1.7;Veracode;Aberta;2026-08-18;;Sistema_80;Crítica;Produção;Ativo;A0080;Dominio_9;Recife;false;false;;0;
V00004;A0086;Baixa;2.5;Qualys;Aberta;2026-06-16;;Sistema_86;Média;Produção;Ativo;A0086;Dominio_3;Recife;false;false;;0;
V00005;A0089;Média;4.4;Cloud Security;Em tratamento;2026-02-12;;Sistema_89;Média;Produção;Ativo;A0089;Dominio_6;Recife;false;false;;0;
V00006;A0025;Alta;8.9;Cloud Security;Aberta;2026-05-02;;Sistema_25;Média;Desenvolvimento;Ativo;A0025;Dominio_2;São Paulo;false;false;;0;
V00007;A0061;Média;5.9;Veracode;Aceita;2026-03-29;;Sistema_61;Crítica;Homologação;Ativo;A0061;Dominio_2;Recife;false;false;;0;
V00008;A0189;Média;4.4;Pentest;Aceita;2026-01-12;;Sistema_189;Alta;Homologação;Em desativação;A0189;Dominio_10;Curitiba;false;false;;0;
V00009;A0186;Baixa;3.1;Veracode;Em tratamento;2026-03-15;;Sistema_186;Média;Desenvolvimento;Ativo;A0186;Dominio_7;Campinas;false;false;;0;
V00010;A0173;Baixa;1.7;Veracode;Em tratamento;2026-09-16;;Sistema_173;Alta;Produção;Ativo;A0173;Dominio_6;Campinas;false;false;;0;
V00011;A0044;Baixa;3.1;Qualys;Aberta;2026-09-13;;Sistema_44;Alta;Produção;Ativo;A0044;Dominio_9;Campinas;false;false;;0;
V00012;A0046;Média;5.6;Veracode;Aceita;2026-09-13;;Sistema_46;Baixa;Homologação;Ativo;A0046;Dominio_11;Recife;false;false;;0;
V00013;A0060;Baixa;2.7;Pentest;Corrigida;2026-02-09;2026-03-14;Sistema_60;Média;Não Mapeado;Ativo;A0060;Dominio_1;Curitiba;false;false;false;0;33
V00014;A0039;Média;4.2;Qualys;Aberta;2026-04-08;;Sistema_39;Crítica;Desenvolvimento;Ativo;A0039;Dominio_4;Campinas;false;false;;0;
V00015;A0078;Baixa;3.3;Cloud Security;Em tratamento;2026-02-06;;Sistema_78;Crítica;Homologação;Ativo;A0078;Dominio_7;São Paulo;false;false;;0;
V00016;A0019;Média;6.4;Cloud Security;Aberta;2026-06-08;;Sistema_19;Média;Homologação;Em desativação;A0019;Dominio_8;Curitiba;false;false;;0;
V00017;A0037;Alta;8.1;Cloud Security;Em tratamento;2026-06-21;;Sistema_37;Média;Homologação;Ativo;A0037;Dominio_2;São Paulo;false;false;;0;
V00018;A0188;Média;4.9;Cloud Security;Aberta;2026-06-04;;Sistema_188;Crítica;Desenvolvimento;Ativo;A0188;Dominio_9;Recife;false;false;;0;
V00019;A0090;Crítica;9.6;Pentest;Em tratamento;2026-03-05;;Sistema_90;Crítica;Desenvolvimento;Ativo;A0090;Dominio_7;São Paulo;false;false;;0;
V00020;A0180;Baixa;0.2;Qualys;Aberta;2026-05-17;;Sistema_180;Baixa;Desenvolvimento;Em desativação;A0180;Dominio_1;São Paulo;false;false;;0;
V00021;A0183;Baixa;3.9;Cloud Security;Aceita;2026-07-11;;Sistema_183;Média;Produção;Ativo;A0183;Dominio_4;Campinas;false;false;;0;
V00022;A0046;Alta;7.6;Cloud Security;Corrigida;2026-04-02;2026-04-29;Sistema_46;Baixa;Homologação;Ativo;A0046;Dominio_11;Recife;false;false;false;0;27
V00023;A0200;Baixa;2.7;Veracode;Corrigida;2026-08-08;2026-09-26;Sistema_200;Alta;Homologação;Ativo;A0200;Dominio_9;Curitiba;false;false;false;0;49
V00024;A0147;Alta;7.1;Qualys;Aceita;2026-07-22;;Sistema_147;Média;Desenvolvimento;Ativo;A0147;Dominio_4;Campinas;false;false;;0;
V00025;A0060;Crítica;9.6;Veracode;Em tratamento;2026-04-26;;Sistema_60;Média;Não Mapeado;Ativo;A0060;Dominio_1;Curitiba;false;false;;0;
V00026;A0089;Baixa;3.4;Cloud Security;Aberta;2026-06-14;;Sistema_89;Média;Produção;Ativo;A0089;Dominio_6;Recife;false;false;;0;
V00027;A0172;Baixa;1.4;Pentest;Aberta;2026-05-02;;Sistema_172;Baixa;Homologação;Ativo;A0172;Dominio_5;Recife;false;false;;0;
V00028;A0070;Baixa;2.5;Veracode;Em tratamento;2026-09-09;;Sistema_70;Média;Homologação;Ativo;A0070;Dominio_11;Recife;false;false;;0;
V00029;A0033;Baixa;0.7;Cloud Security;Aceita;2026-05-22;;Sistema_33;Média;Homologação;Ativo;A0033;Dominio_10;Campinas;false;false;;0;
V00030;A0145;Baixa;2.4;Qualys;Corrigida;2026-05-13;2026-05-31;Sistema_145;Baixa;Desenvolvimento;Em desativação;A0145;Dominio_2;Curitiba;false;false;false;0;18
V00031;A0197;Baixa;1.8;Pentest;Aberta;2026-06-04;;Sistema_197;Alta;Homologação;Ativo;A0197;Dominio_6;Curitiba;false;false;;0;
V00032;A0107;Baixa;0.6;Qualys;Aceita;2026-08-23;;Sistema_107;Média;Desenvolvimento;Ativo;A0107;Dominio_12;São Paulo;false;false;;0;
V00033;A0038;Média;5.2;Qualys;Em tratamento;2026-08-08;;Sistema_38;Média;Desenvolvimento;Ativo;A0038;Dominio_3;Curitiba;false;false;;0;
V00034;A0011;Baixa;0.3;Veracode;Em tratamento;2026-03-09;;Sistema_11;Baixa;Produção;Ativo;A0011;Dominio_12;Campinas;false;false;;0;
V00035;A0017;Baixa;3.0;Cloud Security;Aceita;2026-09-16;;Sistema_17;Não Mapeado;Produção;Ativo;A0017;Dominio_6;Campinas;false;false;;0;
V00036;A0050;Alta;8.3;Veracode;Em tratamento;2026-07-20;;Sistema_50;Média;Homologação;Em desativação;A0050;Dominio_3;Campinas;false;false;;0;
V00037;A0009;Baixa;1.5;Pentest;Corrigida;2026-06-03;2026-08-03;Sistema_9;Baixa;Desenvolvimento;Ativo;A0009;Dominio_10;Recife;false;false;false;0;61
V00038;A0101;Baixa;0.9;Veracode;Em tratamento;2026-03-06;;Sistema_101;Média;Desenvolvimento;Ativo;A0101;Dominio_6;Recife;false;false;;0;
V00039;A0096;Alta;8.6;Cloud Security;Aberta;2026-07-06;;Sistema_96;Baixa;Produção;Ativo;A0096;Dominio_1;São Paulo;false;false;;0;
V00040;A0183;Crítica;9.6;Cloud Security;Aberta;2026-07-09;;Sistema_183;Média;Produção;Ativo;A0183;Dominio_4;Campinas;false;false;;0;
V00041;A0199;Alta;8.3;Veracode;Em tratamento;2026-02-24;;Sistema_199;Crítica;Homologação;Ativo;A0199;Dominio_8;Recife;false;false;;0;
V00042;A0078;Baixa;2.1;Pentest;Aceita;2026-05-06;;Sistema_78;Crítica;Homologação;Ativo;A0078;Dominio_7;São Paulo;false;false;;0;
V00043;A0085;Baixa;3.8;Cloud Security;Corrigida;2026-09-04;2026-11-24;Sistema_85;Baixa;Produção;Ativo;A0085;Dominio_2;Recife;false;false;true;0;
V00044;A0150;Média;5.3;Cloud Security;Aceita;2026-03-23;;Sistema_150;Média;Homologação;Ativo;A0150;Dominio_7;Curitiba;false;false;;0;
V00045;A0166;Média;6.7;Qualys;Aceita;2026-03-15;;Sistema_166;Média;Desenvolvimento;Ativo;A0166;Dominio_11;Curitiba;false;false;;0;
V00046;A0101;Baixa;0.3;Pentest;Em tratamento;2026-04-19;;Sistema_101;Média;Desenvolvimento;Ativo;A0101;Dominio_6;Recife;false;false;;0;
V00047;A0167;Baixa;2.6;Pentest;Em tratamento;2026-03-29;;Sistema_167;Alta;Produção;Ativo;A0167;Dominio_12;Recife;false;false;;0;
V00048;A0036;Baixa;0.7;Qualys;Em tratamento;2026-07-13;;Sistema_36;Crítica;Homologação;Em desativação;A0036;Dominio_1;Recife;false;false;;0;
V00049;A0163;Alta;8.6;Qualys;Em tratamento;2026-03-23;;Sistema_163;Crítica;Homologação;Em desativação;A0163;Dominio_8;Recife;false;false;;0;
V00050;A0088;Média;5.7;Cloud Security;Aceita;2026-04-15;;Sistema_88;Crítica;Homologação;Ativo;A0088;Dominio_5;Campinas;false;false;;0;
V00051;A0017;Baixa;1.8;Cloud Security;Em tratamento;2026-07-14;;Sistema_17;Não Mapeado;Produção;Ativo;A0017;Dominio_6;Campinas;false;false;;0;
V00052;A0058;Média;6.4;Cloud Security;Em tratamento;2026-01-20;;Sistema_58;Baixa;Homologação;Ativo;A0058;Dominio_11;Recife;false;false;;0;
V00053;A0199;Baixa;0.3;Cloud Security;Aberta;2026-02-26;;Sistema_199;Crítica;Homologação;Ativo;A0199;Dominio_8;Recife;false;false;;0;
V00054;A0178;Alta;7.2;Veracode;Aberta;2026-07-25;;Sistema_178;Alta;Produção;Ativo;A0178;Dominio_11;São Paulo;false;false;;0;
V00055;A0025;Baixa;2.5;Pentest;Em tratamento;2026-06-21;;Sistema_25;Média;Desenvolvimento;Ativo;A0025;Dominio_2;São Paulo;false;false;;0;
V00056;A0193;Baixa;0.8;Qualys;Aberta;2026-08-15;;Sistema_193;Média;Produção;Em desativação;A0193;Dominio_2;Recife;false;false;;0;
V00057;A0056;Alta;7.4;Veracode;Em tratamento;2026-06-18;;Sistema_56;Baixa;Produção;Ativo;A0056;Dominio_9;Recife;false;false;;0;
V00058;A0128;Baixa;1.2;Cloud Security;Aberta;2026-05-02;;Sistema_128;Média;Homologação;Ativo;A0128;Dominio_9;Campinas;false;false;;0;
V00059;A0017;Média;5.9;Cloud Security;Em tratamento;2026-02-07;;Sistema_17;Não Mapeado;Produção;Ativo;A0017;Dominio_6;Campinas;false;false;;0;
V00060;A0060;Baixa;1.7;Veracode;Em tratamento;2026-05-08;;Sistema_60;Média;Não Mapeado;Ativo;A0060;Dominio_1;Curitiba;false;false;;0;
V00061;A0069;Baixa;0.1;Veracode;Em tratamento;2026-02-18;;Sistema_69;Crítica;Homologação;Ativo;A0069;Dominio_10;Curitiba;false;false;;0;
V00062;A0066;Média;5.2;Veracode;Aberta;2026-07-05;;Sistema_66;Crítica;Homologação;Ativo;A0066;Dominio_7;Campinas;false;false;;0;
V00063;A0080;Baixa;2.5;Cloud Security;Corrigida;2026-02-02;2026-02-13;Sistema_80;Crítica;Produção;Ativo;A0080;Dominio_9;Recife;false;false;false;0;11
V00064;A0086;Baixa;0.5;Cloud Security;Aceita;2026-04-18;;Sistema_86;Média;Produção;Ativo;A0086;Dominio_3;Recife;false;false;;0;
V00065;A0197;Média;4.0;Cloud Security;Aberta;2026-02-25;;Sistema_197;Alta;Homologação;Ativo;A0197;Dominio_6;Curitiba;false;false;;0;
V00066;A0134;Crítica;9.5;Veracode;Corrigida;2026-04-15;2026-05-05;Sistema_134;Baixa;Desenvolvimento;Ativo;A0134;Dominio_3;Campinas;false;false;false;0;20
V00067;A0146;Baixa;0.3;Cloud Security;Corrigida;2026-06-04;2026-06-13;Sistema_146;Crítica;Homologação;Em desativação;A0146;Dominio_3;Campinas;false;false;false;0;9
V00068;A0024;Média;4.2;Pentest;Aberta;2026-09-14;;Sistema_24;Baixa;Produção;Ativo;A0024;Dominio_1;São Paulo;false;false;;0;
V00069;A0187;Média;6.7;Cloud Security;Em tratamento;2026-03-04;;Sistema_187;Não Mapeado;Homologação;Ativo;A0187;Dominio_8;Campinas;false;false;;0;
V00070;A0160;Baixa;1.8;Pentest;Aceita;2026-06-16;;Sistema_160;Média;Desenvolvimento;Ativo;A0160;Dominio_5;Recife;false;false;;0;
V00071;A0200;Média;4.8;Qualys;Corrigida;;2026-08-31;Sistema_200;Alta;Homologação;Ativo;A0200;Dominio_9;Curitiba;false;true;false;0;
V00072;A0064;Baixa;3.2;Cloud Security;Em tratamento;2026-07-22;;Sistema_64;Crítica;Homologação;Ativo;A0064;Dominio_5;Campinas;false;false;;0;
V00073;A0138;Média;6.9;Cloud Security;Aberta;2026-01-10;;Sistema_138;Baixa;Desenvolvimento;Em desativação;A0138;Dominio_7;Recife;false;false;;0;
V00074;A0036;Alta;7.3;Cloud Security;Em tratamento;2026-08-08;;Sistema_36;Crítica;Homologação;Em desativação;A0036;Dominio_1;Recife;false;false;;0;
V00075;A0032;Baixa;1.1;Qualys;Em tratamento;2026-03-13;;Sistema_32;Baixa;Desenvolvimento;Ativo;A0032;Dominio_9;Campinas;false;false;;0;
V00076;A0150;Crítica;9.3;Pentest;Em tratamento;2026-06-22;;Sistema_150;Média;Homologação;Ativo;A0150;Dominio_7;Curitiba;false;false;;0;
V00077;A0112;Alta;8.9;Qualys;Em tratamento;2026-02-10;;Sistema_112;Baixa;Homologação;Ativo;A0112;Dominio_5;Campinas;false;false;;0;
V00078;A0101;Alta;8.6;Pentest;Aberta;2026-08-06;;Sistema_101;Média;Desenvolvimento;Ativo;A0101;Dominio_6;Recife;false;false;;0;
V00079;A0058;Baixa;0.8;Cloud Security;Em tratamento;2026-08-25;;Sistema_58;Baixa;Homologação;Ativo;A0058;Dominio_11;Recife;false;false;;0;
V00080;A0056;Baixa;1.9;Pentest;Em tratamento;2026-06-03;;Sistema_56;Baixa;Produção;Ativo;A0056;Dominio_9;Recife;false;false;;0;
V00081;A0021;Crítica;9.5;Cloud Security;Em tratamento;2026-07-02;;Sistema_21;Baixa;Produção;Ativo;A0021;Dominio_10;São Paulo;false;false;;0;
V00082;A0115;Alta;8.6;Qualys;Corrigida;2026-01-04;2026-03-10;Sistema_115;Crítica;Produção;Ativo;A0115;Dominio_8;São Paulo;false;false;false;0;65
V00083;A0057;Baixa;3.2;Pentest;Em tratamento;2026-08-12;;Sistema_57;Crítica;Homologação;Ativo;A0057;Dominio_10;Campinas;false;false;;0;
V00084;A0198;Baixa;0.1;Veracode;Aceita;2026-05-01;;Sistema_198;Baixa;Desenvolvimento;Em desativação;A0198;Dominio_7;São Paulo;false;false;;0;
V00085;A0011;Alta;8.9;Cloud Security;Em tratamento;2026-05-31;;Sistema_11;Baixa;Produção;Ativo;A0011;Dominio_12;Campinas;false;false;;0;
V00086;A0191;Baixa;0.3;Veracode;Aceita;2026-04-10;;Sistema_191;Baixa;Homologação;Em desativação;A0191;Dominio_12;Campinas;false;false;;0;
V00087;A0142;Crítica;9.6;Veracode;Em tratamento;2026-03-04;;Sistema_142;Média;Homologação;Ativo;A0142;Dominio_11;Recife;false;false;;0;
V00088;A0142;Média;4.7;Veracode;Aberta;2026-01-31;;Sistema_142;Média;Homologação;Ativo;A0142;Dominio_11;Recife;false;false;;0;
V00089;A0123;Baixa;1.0;Cloud Security;Aceita;;;Sistema_123;Baixa;Produção;Ativo;A0123;Dominio_4;Curitiba;false;true;;0;
V00090;A0178;Alta;7.5;Pentest;Aceita;2026-04-19;;Sistema_178;Alta;Produção;Ativo;A0178;Dominio_11;São Paulo;false;false;;0;
V00091;A0148;Crítica;9.0;Veracode;Em tratamento;2026-04-04;;Sistema_148;Alta;Produção;Ativo;A0148;Dominio_5;São Paulo;false;false;;0;
V00092;A0046;Média;6.1;Pentest;Em tratamento;2026-07-26;;Sistema_46;Baixa;Homologação;Ativo;A0046;Dominio_11;Recife;false;false;;0;
V00093;A0138;Alta;7.7;Qualys;Em tratamento;2026-05-25;;Sistema_138;Baixa;Desenvolvimento;Em desativação;A0138;Dominio_7;Recife;false;false;;0;
V00094;A0150;Baixa;3.8;Veracode;Aberta;2026-06-16;;Sistema_150;Média;Homologação;Ativo;A0150;Dominio_7;Curitiba;false;false;;0;
V00095;A0185;Baixa;0.5;Cloud Security;Corrigida;2026-04-15;2026-06-18;Sistema_185;Média;Produção;Ativo;A0185;Dominio_6;Curitiba;false;false;false;0;64
V00096;A0194;Alta;8.6;Veracode;Em tratamento;2026-08-21;;Sistema_194;Crítica;Desenvolvimento;Em desativação;A0194;Dominio_3;Campinas;false;false;;0;
V00097;A0031;Baixa;2.1;Veracode;Aberta;2026-06-27;;Sistema_31;Alta;Desenvolvimento;Ativo;A0031;Dominio_8;São Paulo;false;false;;0;
V00098;A0057;Alta;7.6;Pentest;Corrigida;2026-03-30;2026-05-22;Sistema_57;Crítica;Homologação;Ativo;A0057;Dominio_10;Campinas;false;false;false;0;53
V00099;A0192;Média;5.6;Pentest;Aberta;2026-02-22;;Sistema_192;Baixa;Homologação;Em desativação;A0192;Dominio_1;Campinas;false;false;;0;
V00100;A0112;Média;4.1;Cloud Security;Corrigida;2026-01-08;2026-04-04;Sistema_112;Baixa;Homologação;Ativo;A0112;Dominio_5;Campinas;false;false;false;0;86
V00102;A0190;Baixa;3.7;Qualys;Aceita;2026-02-17;;Sistema_190;Alta;Homologação;Ativo;A0190;Dominio_11;Curitiba;false;false;;0;
V00103;A0188;Média;6.1;Veracode;Aceita;2026-01-03;;Sistema_188;Crítica;Desenvolvimento;Ativo;A0188;Dominio_9;Recife;false;false;;0;
V00104;A0026;Média;5.8;Pentest;Corrigida;2026-06-08;2026-08-23;Sistema_26;Baixa;Produção;Ativo;A0026;Dominio_3;Recife;false;false;false;0;76
V00105;A0079;Baixa;2.9;Pentest;Aberta;2026-09-02;;Sistema_79;Baixa;Desenvolvimento;Ativo;A0079;Dominio_8;Campinas;false;false;;0;
V00106;A0100;Alta;7.3;Pentest;Aberta;2026-02-02;;Sistema_100;Alta;Produção;Ativo;A0100;Dominio_5;São Paulo;false;false;;0;
V00107;A0067;Média;5.2;Cloud Security;Aberta;2026-04-22;;Sistema_67;Baixa;Homologação;Ativo;A0067;Dominio_8;Recife;false;false;;0;
V00108;A0033;Baixa;2.8;Cloud Security;Corrigida;2026-05-16;2026-07-25;Sistema_33;Média;Homologação;Ativo;A0033;Dominio_10;Campinas;false;false;false;0;70
V00109;A0047;Baixa;2.5;Cloud Security;Aceita;2026-04-21;;Sistema_47;Média;Desenvolvimento;Ativo;A0047;Dominio_12;Recife;false;false;;0;
V00110;A0044;Crítica;9.8;Qualys;Aceita;2026-08-01;;Sistema_44;Alta;Produção;Ativo;A0044;Dominio_9;Campinas;false;false;;0;
V00111;A0073;Crítica;9.0;Veracode;Aceita;2026-04-12;;Sistema_73;Crítica;Desenvolvimento;Em desativação;A0073;Dominio_2;Recife;false;false;;0;
V00112;A0094;Alta;8.7;Pentest;Corrigida;2026-07-09;2026-09-18;Sistema_94;Média;Produção;Ativo;A0094;Dominio_11;São Paulo;false;false;false;0;71
V00113;A0188;Baixa;2.6;Pentest;Em tratamento;2026-03-01;;Sistema_188;Crítica;Desenvolvimento;Ativo;A0188;Dominio_9;Recife;false;false;;0;
V00114;A0132;Alta;7.1;Pentest;Aceita;2026-05-08;;Sistema_132;Crítica;Desenvolvimento;Ativo;A0132;Dominio_1;Curitiba;false;false;;0;
V00115;A0193;Alta;7.6;Pentest;Corrigida;2026-09-10;2026-11-04;Sistema_193;Média;Produção;Em desativação;A0193;Dominio_2;Recife;false;false;true;0;
V00116;A0126;Média;5.4;Veracode;Aceita;2026-02-21;;Sistema_126;Média;Produção;Ativo;A0126;Dominio_7;São Paulo;false;false;;0;
V00117;A0075;Baixa;1.3;Qualys;Corrigida;2026-02-05;2026-03-14;Sistema_75;Baixa;Desenvolvimento;Ativo;A0075;Dominio_4;Campinas;false;false;false;0;37
V00118;A0127;Baixa;3.6;Veracode;Corrigida;2026-03-15;2026-03-24;Sistema_127;Baixa;Homologação;Ativo;A0127;Dominio_8;São Paulo;false;false;false;0;9
V00119;A0112;Crítica;9.6;Cloud Security;Aberta;2026-08-10;;Sistema_112;Baixa;Homologação;Ativo;A0112;Dominio_5;Campinas;false;false;;0;
V00120;A0045;Baixa;1.9;Veracode;Em tratamento;2026-01-31;;Sistema_45;Média;Desenvolvimento;Ativo;A0045;Dominio_10;Curitiba;false;false;;0;
V00121;A0166;Baixa;3.4;Veracode;Aberta;2026-03-22;;Sistema_166;Média;Desenvolvimento;Ativo;A0166;Dominio_11;Curitiba;false;false;;0;
V00122;A0138;Baixa;1.9;Pentest;Aceita;2026-09-02;;Sistema_138;Baixa;Desenvolvimento;Em desativação;A0138;Dominio_7;Recife;false;false;;0;
V00123;A0013;Alta;8.1;Qualys;Em tratamento;2026-08-08;;Sistema_13;Baixa;Não Mapeado;Ativo;A0013;Dominio_2;São Paulo;false;false;;0;
V00124;A0157;Baixa;3.6;Qualys;Aberta;2026-02-04;;Sistema_157;Alta;Desenvolvimento;Ativo;A0157;Dominio_2;Recife;false;false;;0;
V00125;A0174;Baixa;0.6;Qualys;Aceita;2026-07-29;;Sistema_174;Média;Desenvolvimento;Em desativação;A0174;Dominio_7;Recife;false;false;;0;
V00126;A0017;Baixa;2.2;Veracode;Aceita;2026-01-10;;Sistema_17;Não Mapeado;Produção;Ativo;A0017;Dominio_6;Campinas;false;false;;0;
V00127;A0195;Média;4.7;Cloud Security;Aberta;2026-06-01;;Sistema_195;Alta;Produção;Ativo;A0195;Dominio_4;São Paulo;false;false;;0;
V00128;A0139;Média;4.3;Veracode;Corrigida;2026-09-05;2026-09-17;Sistema_139;Média;Desenvolvimento;Em desativação;A0139;Dominio_8;Curitiba;false;false;false;0;12
V00129;A0191;Média;5.1;Pentest;Aceita;2026-02-26;;Sistema_191;Baixa;Homologação;Em desativação;A0191;Dominio_12;Campinas;false;false;;0;
V00130;A0098;Baixa;1.1;Pentest;Em tratamento;2026-06-30;;Sistema_98;Crítica;Homologação;Ativo;A0098;Dominio_3;Recife;false;false;;0;
V00131;A0016;Média;5.4;Pentest;Aceita;2026-02-12;;Sistema_16;Baixa;Homologação;Ativo;A0016;Dominio_5;Campinas;false;false;;0;
V00132;A0082;Média;4.2;Veracode;Corrigida;2026-02-08;2026-02-12;Sistema_82;Média;Produção;Ativo;A0082;Dominio_11;São Paulo;false;false;false;0;4
V00133;A0190;Crítica;9.2;Pentest;Corrigida;2026-08-19;2026-09-28;Sistema_190;Alta;Homologação;Ativo;A0190;Dominio_11;Curitiba;false;false;false;0;40
V00134;A0131;Média;6.6;Pentest;Aceita;2026-04-26;;Sistema_131;Baixa;Produção;Ativo;A0131;Dominio_12;Curitiba;false;false;;0;
V00135;A0021;Alta;7.7;Veracode;Em tratamento;2026-06-11;;Sistema_21;Baixa;Produção;Ativo;A0021;Dominio_10;São Paulo;false;false;;0;
V00136;A0055;Alta;7.6;Cloud Security;Aberta;2026-08-07;;Sistema_55;Crítica;Homologação;Ativo;A0055;Dominio_8;Campinas;false;false;;0;
V00137;A0115;Baixa;0.6;Cloud Security;Aberta;2026-02-01;;Sistema_115;Crítica;Produção;Ativo;A0115;Dominio_8;São Paulo;false;false;;0;
V00138;A0024;Média;6.4;Pentest;Corrigida;2026-03-11;2026-04-04;Sistema_24;Baixa;Produção;Ativo;A0024;Dominio_1;São Paulo;false;false;false;0;24
V00139;A0035;Crítica;9.7;Pentest;Aberta;2026-03-19;;Sistema_35;Baixa;Produção;Em desativação;A0035;Dominio_12;Curitiba;false;false;;0;
V00140;A0085;Crítica;9.1;Pentest;Aceita;2026-07-14;;Sistema_85;Baixa;Produção;Ativo;A0085;Dominio_2;Recife;false;false;;0;
V00141;A0138;Baixa;2.8;Cloud Security;Corrigida;2026-05-30;2026-06-17;Sistema_138;Baixa;Desenvolvimento;Em desativação;A0138;Dominio_7;Recife;false;false;false;0;18
V00142;A0173;Média;6.2;Veracode;Aberta;;;Sistema_173;Alta;Produção;Ativo;A0173;Dominio_6;Campinas;false;true;;0;
V00143;A0014;Crítica;9.1;Qualys;Aceita;2026-03-07;;Sistema_14;Crítica;Homologação;Ativo;A0014;Dominio_3;Campinas;false;false;;0;
V00144;A0082;Crítica;9.3;Qualys;Corrigida;2026-03-02;2026-03-09;Sistema_82;Média;Produção;Ativo;A0082;Dominio_11;São Paulo;false;false;false;0;7
V00145;A0141;Alta;7.3;Pentest;Corrigida;2026-03-30;2026-06-24;Sistema_141;Crítica;Produção;Ativo;A0141;Dominio_10;Curitiba;false;false;false;0;86
V00146;A0092;Média;5.2;Pentest;Aceita;2026-08-04;;Sistema_92;Alta;Homologação;Em desativação;A0092;Dominio_9;Curitiba;false;false;;0;
V00147;A0005;Média;6.7;Veracode;Aberta;2026-06-01;;Sistema_5;Alta;Produção;Ativo;A0005;Dominio_6;Recife;false;false;;0;
V00148;A0065;Baixa;1.4;Cloud Security;Corrigida;2026-03-23;2026-05-06;Sistema_65;Média;Desenvolvimento;Ativo;A0065;Dominio_6;Recife;false;false;false;0;44
V00149;A0036;Média;4.6;Cloud Security;Corrigida;2026-06-24;2026-07-19;Sistema_36;Crítica;Homologação;Em desativação;A0036;Dominio_1;Recife;false;false;false;0;25
V00150;A0066;Baixa;0.6;Veracode;Corrigida;2026-05-11;2026-07-18;Sistema_66;Crítica;Homologação;Ativo;A0066;Dominio_7;Campinas;false;false;false;0;68
V00151;A0200;Baixa;0.5;Cloud Security;Em tratamento;2026-01-10;;Sistema_200;Alta;Homologação;Ativo;A0200;Dominio_9;Curitiba;false;false;;0;
V00152;A0165;Baixa;2.3;Veracode;Em tratamento;2026-02-04;;Sistema_165;Média;Homologação;Em desativação;A0165;Dominio_10;Curitiba;false;false;;0;
V00153;A0117;Baixa;0.3;Qualys;Em tratamento;2026-02-18;;Sistema_117;Média;Homologação;Ativo;A0117;Dominio_10;Curitiba;false;false;;0;
V00154;A0133;Média;6.9;Cloud Security;Aberta;2026-03-29;;Sistema_133;Baixa;Desenvolvimento;Em desativação;A0133;Dominio_2;Curitiba;false;false;;0;
V00155;A0057;Crítica;9.0;Qualys;Em tratamento;2026-09-12;;Sistema_57;Crítica;Homologação;Ativo;A0057;Dominio_10;Campinas;false;false;;0;
V00156;A0122;Alta;8.3;Cloud Security;Aberta;2026-05-04;;Sistema_122;Alta;Produção;Ativo;A0122;Dominio_3;Recife;false;false;;0;
V00157;A0094;Média;6.4;Qualys;Aberta;2026-01-20;;Sistema_94;Média;Produção;Ativo;A0094;Dominio_11;São Paulo;false;false;;0;
V00158;A0130;Média;6.9;Cloud Security;Corrigida;2026-09-04;2026-09-09;Sistema_130;Baixa;Produção;Ativo;A0130;Dominio_11;Recife;false;false;false;0;5
V00159;A0137;Baixa;3.7;Pentest;Aberta;2026-07-15;;Sistema_137;Alta;Desenvolvimento;Ativo;A0137;Dominio_6;São Paulo;false;false;;0;
V00160;A0116;Média;4.2;Qualys;Em tratamento;2026-07-08;;Sistema_116;Crítica;Produção;Ativo;A0116;Dominio_9;Campinas;false;false;;0;
V00161;A0006;Média;6.4;Cloud Security;Aceita;2026-01-05;;Sistema_6;Baixa;Produção;Ativo;A0006;Dominio_7;São Paulo;false;false;;0;
V00162;A0043;Média;5.4;Cloud Security;Corrigida;2026-07-21;2026-10-08;Sistema_43;Alta;Produção;Ativo;A0043;Dominio_8;Curitiba;false;false;true;0;
V00163;A0093;Média;5.5;Pentest;Corrigida;2026-07-10;2026-09-16;Sistema_93;Alta;Produção;Ativo;A0093;Dominio_10;Curitiba;false;false;false;0;68
V00164;A0134;Média;6.0;Veracode;Em tratamento;2026-07-15;;Sistema_134;Baixa;Desenvolvimento;Ativo;A0134;Dominio_3;Campinas;false;false;;0;
V00165;A0008;Alta;7.1;Cloud Security;Aberta;2026-06-13;;Sistema_8;Alta;Produção;Ativo;A0008;Dominio_9;São Paulo;false;false;;0;
V00166;A0021;Média;6.2;Pentest;Aberta;2026-06-14;;Sistema_21;Baixa;Produção;Ativo;A0021;Dominio_10;São Paulo;false;false;;0;
V00167;A0041;Baixa;2.7;Cloud Security;Aberta;2026-07-03;;Sistema_41;Alta;Homologação;Em desativação;A0041;Dominio_6;Campinas;false;false;;0;
V00168;A0017;Alta;8.7;Qualys;Aceita;2026-03-16;;Sistema_17;Não Mapeado;Produção;Ativo;A0017;Dominio_6;Campinas;false;false;;0;
V00169;A0190;Média;5.8;Veracode;Corrigida;2026-02-14;2026-03-07;Sistema_190;Alta;Homologação;Ativo;A0190;Dominio_11;Curitiba;false;false;false;0;21
V00170;A0065;Média;4.8;Qualys;Corrigida;2026-02-12;2026-02-15;Sistema_65;Média;Desenvolvimento;Ativo;A0065;Dominio_6;Recife;false;false;false;0;3
V00171;A0084;Média;6.5;Veracode;Aceita;2026-02-26;;Sistema_84;Alta;Desenvolvimento;Em desativação;A0084;Dominio_1;Recife;false;false;;0;
V00172;A0062;Média;4.2;Cloud Security;Corrigida;2026-02-05;2026-04-23;Sistema_62;Baixa;Desenvolvimento;Em desativação;A0062;Dominio_3;São Paulo;false;false;false;0;77
V00173;A0190;Baixa;3.8;Qualys;Em tratamento;2026-05-16;;Sistema_190;Alta;Homologação;Ativo;A0190;Dominio_11;Curitiba;false;false;;0;
V00174;A0069;Baixa;0.9;Pentest;Em tratamento;2026-05-26;;Sistema_69;Crítica;Homologação;Ativo;A0069;Dominio_10;Curitiba;false;false;;0;
V00175;A0124;Média;5.9;Qualys;Em tratamento;2026-06-03;;Sistema_124;Baixa;Produção;Ativo;A0124;Dominio_5;São Paulo;false;false;;0;
V00176;A0021;Baixa;3.8;Cloud Security;Em tratamento;2026-02-19;;Sistema_21;Baixa;Produção;Ativo;A0021;Dominio_10;São Paulo;false;false;;0;
V00177;A0019;Média;5.5;Qualys;Corrigida;2026-05-30;2026-07-21;Sistema_19;Média;Homologação;Em desativação;A0019;Dominio_8;Curitiba;false;false;false;0;52
V00178;A0098;Média;4.3;Veracode;Aceita;;;Sistema_98;Crítica;Homologação;Ativo;A0098;Dominio_3;Recife;false;true;;0;
V00179;A0198;Alta;7.4;Qualys;Aceita;2026-08-12;;Sistema_198;Baixa;Desenvolvimento;Em desativação;A0198;Dominio_7;São Paulo;false;false;;0;
V00180;A0124;Média;6.5;Cloud Security;Em tratamento;2026-04-23;;Sistema_124;Baixa;Produção;Ativo;A0124;Dominio_5;São Paulo;false;false;;0;
V00181;A0120;Média;5.4;Cloud Security;Aberta;2026-06-03;;Sistema_120;Alta;Produção;Ativo;A0120;Dominio_1;São Paulo;false;false;;0;
V00182;A0132;Baixa;3.8;Pentest;Aberta;2026-09-07;;Sistema_132;Crítica;Desenvolvimento;Ativo;A0132;Dominio_1;Curitiba;false;false;;0;
V00183;A0152;Média;6.8;Qualys;Aberta;2026-01-19;;Sistema_152;Crítica;Homologação;Em desativação;A0152;Dominio_9;Curitiba;false;false;;0;
V00184;A0029;Média;6.1;Veracode;Aberta;2026-04-14;;Sistema_29;Média;Produção;Em desativação;A0029;Dominio_6;Curitiba;false;false;;0;
V00185;A0130;Média;4.7;Qualys;Aceita;2026-04-15;;Sistema_130;Baixa;Produção;Ativo;A0130;Dominio_11;Recife;false;false;;0;
V00186;A0029;Baixa;0.8;Veracode;Aceita;2026-07-09;;Sistema_29;Média;Produção;Em desativação;A0029;Dominio_6;Curitiba;false;false;;0;
V00187;A0060;Baixa;2.8;Qualys;Em tratamento;2026-06-23;;Sistema_60;Média;Não Mapeado;Ativo;A0060;Dominio_1;Curitiba;false;false;;0;
V00188;A0030;Média;5.0;Pentest;Aberta;2026-10-06;;Sistema_30;Crítica;Desenvolvimento;Ativo;A0030;Dominio_7;Curitiba;false;false;;0;
V00189;A0024;Média;6.2;Cloud Security;Corrigida;2026-04-21;2026-06-11;Sistema_24;Baixa;Produção;Ativo;A0024;Dominio_1;São Paulo;false;false;false;0;51
V00190;A0051;Média;6.2;Veracode;Aberta;2026-06-01;;Sistema_51;Média;Produção;Ativo;A0051;Dominio_4;Recife;false;false;;0;
V00191;A0073;Baixa;3.8;Cloud Security;Aberta;2026-03-13;;Sistema_73;Crítica;Desenvolvimento;Em desativação;A0073;Dominio_2;Recife;false;false;;0;
V00192;A0200;Baixa;3.8;Pentest;Aceita;2026-03-18;;Sistema_200;Alta;Homologação;Ativo;A0200;Dominio_9;Curitiba;false;false;;0;
V00193;A0153;Média;4.7;Veracode;Aceita;2026-04-16;;Sistema_153;Média;Desenvolvimento;Ativo;A0153;Dominio_10;Recife;false;false;;0;
V00194;A0067;Alta;8.6;Cloud Security;Corrigida;2026-06-10;2026-06-18;Sistema_67;Baixa;Homologação;Ativo;A0067;Dominio_8;Recife;false;false;false;0;8
V00195;A0172;Baixa;2.5;Veracode;Aceita;2026-05-13;;Sistema_172;Baixa;Homologação;Ativo;A0172;Dominio_5;Recife;false;false;;0;
V00196;A0100;Média;4.8;Veracode;Em tratamento;2026-03-12;;Sistema_100;Alta;Produção;Ativo;A0100;Dominio_5;São Paulo;false;false;;0;
V00197;A0152;Baixa;2.9;Cloud Security;Corrigida;2026-09-05;2026-10-09;Sistema_152;Crítica;Homologação;Em desativação;A0152;Dominio_9;Curitiba;false;false;true;0;
V00198;A0199;Baixa;2.7;Qualys;Aceita;2026-06-22;;Sistema_199;Crítica;Homologação;Ativo;A0199;Dominio_8;Recife;false;false;;0;
V00199;A0031;Crítica;9.4;Veracode;Aberta;2026-05-01;;Sistema_31;Alta;Desenvolvimento;Ativo;A0031;Dominio_8;São Paulo;false;false;;0;
V00200;A0059;Média;5.7;Qualys;Aceita;2026-02-08;;Sistema_59;Alta;Desenvolvimento;Ativo;A0059;Dominio_12;Recife;false;false;;0;
V00201;A0139;Média;5.5;Pentest;Em tratamento;2026-06-17;;Sistema_139;Média;Desenvolvimento;Em desativação;A0139;Dominio_8;Curitiba;false;false;;0;
V00202;A0013;Alta;7.1;Pentest;Em tratamento;2026-07-01;;Sistema_13;Baixa;Não Mapeado;Ativo;A0013;Dominio_2;São Paulo;false;false;;0;
V00203;A0106;Baixa;0.5;Cloud Security;Corrigida;2026-05-22;2026-06-19;Sistema_106;Crítica;Desenvolvimento;Ativo;A0106;Dominio_11;Campinas;false;false;false;0;28
V00204;A0072;Média;4.3;Qualys;Corrigida;2026-03-14;2026-03-30;Sistema_72;Baixa;Desenvolvimento;Ativo;A0072;Dominio_1;Campinas;false;false;false;0;16
V00205;A0180;Média;6.4;Veracode;Em tratamento;2026-03-26;;Sistema_180;Baixa;Desenvolvimento;Em desativação;A0180;Dominio_1;São Paulo;false;false;;0;
V00206;A0184;Alta;8.4;Veracode;Aberta;2026-01-08;;Sistema_184;Crítica;Produção;Em desativação;A0184;Dominio_5;Recife;false;false;;0;
V00207;A0110;Baixa;0.8;Cloud Security;Em tratamento;2026-01-15;;Sistema_110;Baixa;Produção;Em desativação;A0110;Dominio_3;Curitiba;false;false;;0;
V00208;A0077;Média;4.2;Veracode;Aceita;2026-06-16;;Sistema_77;Alta;Produção;Ativo;A0077;Dominio_6;Curitiba;false;false;;0;
V00209;A0175;Alta;8.3;Qualys;Corrigida;2026-05-06;2026-07-27;Sistema_175;Crítica;Homologação;Ativo;A0175;Dominio_8;São Paulo;false;false;false;0;82
V00210;A0083;Média;6.1;Pentest;Aceita;2026-02-01;;Sistema_83;Alta;Homologação;Em desativação;A0083;Dominio_12;Curitiba;false;false;;0;
V00211;A0188;Alta;7.4;Cloud Security;Em tratamento;2026-02-14;;Sistema_188;Crítica;Desenvolvimento;Ativo;A0188;Dominio_9;Recife;false;false;;0;
V00212;A0103;Alta;7.2;Pentest;Corrigida;2026-04-06;2026-04-14;Sistema_103;Alta;Homologação;Ativo;A0103;Dominio_8;Curitiba;false;false;false;0;8
V00213;A0073;Alta;7.9;Cloud Security;Corrigida;;2026-03-15;Sistema_73;Crítica;Desenvolvimento;Em desativação;A0073;Dominio_2;Recife;false;true;false;0;
V00214;A0075;Baixa;2.2;Pentest;Aceita;2026-02-02;;Sistema_75;Baixa;Desenvolvimento;Ativo;A0075;Dominio_4;Campinas;false;false;;0;
V00215;A0036;Crítica;9.4;Pentest;Aberta;2026-07-16;;Sistema_36;Crítica;Homologação;Em desativação;A0036;Dominio_1;Recife;false;false;;0;
V00216;A0184;Alta;7.6;Cloud Security;Aberta;2026-08-08;;Sistema_184;Crítica;Produção;Em desativação;A0184;Dominio_5;Recife;false;false;;0;
V00217;A0057;Média;4.5;Pentest;Aberta;2026-04-26;;Sistema_57;Crítica;Homologação;Ativo;A0057;Dominio_10;Campinas;false;false;;0;
V00218;A0200;Média;6.7;Pentest;Corrigida;2026-05-10;2026-07-31;Sistema_200;Alta;Homologação;Ativo;A0200;Dominio_9;Curitiba;false;false;false;0;82
V00219;A0156;Baixa;1.0;Cloud Security;Aberta;2026-04-29;;Sistema_156;Média;Produção;Ativo;A0156;Dominio_1;Curitiba;false;false;;0;
V00220;A0182;Crítica;9.5;Qualys;Aberta;2026-08-31;;Sistema_182;Baixa;Desenvolvimento;Ativo;A0182;Dominio_3;Campinas;false;false;;0;
V00221;A0200;Baixa;1.9;Veracode;Aceita;2026-06-20;;Sistema_200;Alta;Homologação;Ativo;A0200;Dominio_9;Curitiba;false;false;;0;
V00222;A0012;Baixa;0.3;Veracode;Aceita;2026-04-24;;Sistema_12;Baixa;Desenvolvimento;Em desativação;A0012;Dominio_1;Recife;false;false;;0;
V00223;A0167;Média;5.9;Veracode;Em tratamento;2026-04-15;;Sistema_167;Alta;Produção;Ativo;A0167;Dominio_12;Recife;false;false;;0;
V00224;A0061;Baixa;2.2;Qualys;Corrigida;2026-02-08;2026-02-15;Sistema_61;Crítica;Homologação;Ativo;A0061;Dominio_2;Recife;false;false;false;0;7
V00225;A0123;Baixa;2.7;Veracode;Aberta;2026-05-30;;Sistema_123;Baixa;Produção;Ativo;A0123;Dominio_4;Curitiba;false;false;;0;
V00226;A0044;Baixa;2.2;Cloud Security;Aceita;2026-08-18;;Sistema_44;Alta;Produção;Ativo;A0044;Dominio_9;Campinas;false;false;;0;
V00227;A0176;Alta;7.8;Pentest;Aceita;2026-01-16;;Sistema_176;Baixa;Produção;Ativo;A0176;Dominio_9;Curitiba;false;false;;0;
V00228;A0099;Crítica;10.0;Qualys;Corrigida;2026-01-23;2026-03-30;Sistema_99;Alta;Produção;Ativo;A0099;Dominio_4;Recife;false;false;false;0;66
V00229;A0105;Baixa;1.3;Veracode;Em tratamento;2026-04-30;;Sistema_105;Média;Homologação;Em desativação;A0105;Dominio_10;Curitiba;false;false;;0;
V00230;A0039;Média;5.8;Qualys;Corrigida;2026-05-31;2026-06-10;Sistema_39;Crítica;Desenvolvimento;Ativo;A0039;Dominio_4;Campinas;false;false;false;0;10
V00231;A0117;Baixa;1.4;Veracode;Corrigida;2026-04-20;2026-05-31;Sistema_117;Média;Homologação;Ativo;A0117;Dominio_10;Curitiba;false;false;false;0;41
V00232;A0031;Média;5.3;Cloud Security;Em tratamento;2026-08-17;;Sistema_31;Alta;Desenvolvimento;Ativo;A0031;Dominio_8;São Paulo;false;false;;0;
V00233;A0023;Média;4.9;Cloud Security;Em tratamento;2026-03-08;;Sistema_23;Média;Desenvolvimento;Em desativação;A0023;Dominio_12;Campinas;false;false;;0;
V00234;A0018;Crítica;9.4;Qualys;Aceita;2026-01-11;;Sistema_18;Média;Produção;Ativo;A0018;Dominio_7;Recife;false;false;;0;
V00235;A0032;Média;5.1;Veracode;Corrigida;2026-01-30;2026-02-08;Sistema_32;Baixa;Desenvolvimento;Ativo;A0032;Dominio_9;Campinas;false;false;false;0;9
V00236;A0039;Baixa;1.4;Veracode;Aceita;2026-03-09;;Sistema_39;Crítica;Desenvolvimento;Ativo;A0039;Dominio_4;Campinas;false;false;;0;
V00237;A0083;Baixa;0.3;Veracode;Corrigida;2026-07-30;2026-10-14;Sistema_83;Alta;Homologação;Em desativação;A0083;Dominio_12;Curitiba;false;false;true;0;
V00238;A0025;Baixa;0.9;Qualys;Em tratamento;2026-04-20;;Sistema_25;Média;Desenvolvimento;Ativo;A0025;Dominio_2;São Paulo;false;false;;0;
V00239;A0115;Baixa;2.3;Cloud Security;Aberta;2026-09-15;;Sistema_115;Crítica;Produção;Ativo;A0115;Dominio_8;São Paulo;false;false;;0;
V00240;A0127;Baixa;0.4;Qualys;Aberta;2026-08-03;;Sistema_127;Baixa;Homologação;Ativo;A0127;Dominio_8;São Paulo;false;false;;0;
V00241;A0095;Alta;7.4;Veracode;Em tratamento;2026-09-12;;Sistema_95;Alta;Homologação;Ativo;A0095;Dominio_12;Recife;false;false;;0;
V00242;A0189;Baixa;2.0;Pentest;Aberta;2026-07-17;;Sistema_189;Alta;Homologação;Em desativação;A0189;Dominio_10;Curitiba;false;false;;0;
V00243;A0143;Alta;7.7;Pentest;Aceita;2026-08-16;;Sistema_143;Média;Homologação;Ativo;A0143;Dominio_12;Curitiba;false;false;;0;
V00244;A0096;Baixa;3.0;Cloud Security;Em tratamento;2026-02-20;;Sistema_96;Baixa;Produção;Ativo;A0096;Dominio_1;São Paulo;false;false;;0;
V00245;A0079;Baixa;3.2;Veracode;Corrigida;2026-07-22;2026-07-30;Sistema_79;Baixa;Desenvolvimento;Ativo;A0079;Dominio_8;Campinas;false;false;false;0;8
V00246;A0164;Baixa;0.1;Cloud Security;Corrigida;2026-06-09;2026-09-01;Sistema_164;Crítica;Produção;Ativo;A0164;Dominio_9;São Paulo;false;false;false;0;84
V00247;A0009;Média;5.3;Cloud Security;Aberta;2026-01-26;;Sistema_9;Baixa;Desenvolvimento;Ativo;A0009;Dominio_10;Recife;false;false;;0;
V00248;A0095;Baixa;3.4;Veracode;Aberta;2026-03-12;;Sistema_95;Alta;Homologação;Ativo;A0095;Dominio_12;Recife;false;false;;0;
V00249;A0089;Alta;7.5;Cloud Security;Em tratamento;2026-05-26;;Sistema_89;Média;Produção;Ativo;A0089;Dominio_6;Recife;false;false;;0;
V00250;A0149;Crítica;9.8;Cloud Security;Aberta;2026-08-13;;Sistema_149;Crítica;Desenvolvimento;Em desativação;A0149;Dominio_6;São Paulo;false;false;;0;
V00251;A0127;Baixa;1.1;Cloud Security;Em tratamento;2026-02-02;;Sistema_127;Baixa;Homologação;Ativo;A0127;Dominio_8;São Paulo;false;false;;0;
V00252;A0146;Baixa;2.9;Cloud Security;Corrigida;2026-05-19;2026-05-31;Sistema_146;Crítica;Homologação;Em desativação;A0146;Dominio_3;Campinas;false;false;false;0;12
V00253;A0032;Média;4.8;Veracode;Em tratamento;2026-07-26;;Sistema_32;Baixa;Desenvolvimento;Ativo;A0032;Dominio_9;Campinas;false;false;;0;
V00254;A0132;Média;4.9;Cloud Security;Corrigida;2026-01-21;2026-03-16;Sistema_132;Crítica;Desenvolvimento;Ativo;A0132;Dominio_1;Curitiba;false;false;false;0;54
V00255;A0154;Média;5.2;Veracode;Corrigida;2026-08-24;2026-10-15;Sistema_154;Média;Desenvolvimento;Ativo;A0154;Dominio_11;Recife;false;false;true;0;
V00256;A0164;Crítica;9.6;Qualys;Aberta;2026-01-13;;Sistema_164;Crítica;Produção;Ativo;A0164;Dominio_9;São Paulo;false;false;;0;
V00257;A0082;Baixa;3.7;Cloud Security;Aceita;2026-01-27;;Sistema_82;Média;Produção;Ativo;A0082;Dominio_11;São Paulo;false;false;;0;
V00258;A0094;Crítica;9.1;Veracode;Corrigida;2026-07-24;2026-07-25;Sistema_94;Média;Produção;Ativo;A0094;Dominio_11;São Paulo;false;false;false;0;1
V00259;A0193;Baixa;0.4;Qualys;Aceita;2026-03-06;;Sistema_193;Média;Produção;Em desativação;A0193;Dominio_2;Recife;false;false;;0;
V00260;A0078;Alta;7.1;Qualys;Aberta;2026-06-09;;Sistema_78;Crítica;Homologação;Ativo;A0078;Dominio_7;São Paulo;false;false;;0;
V00261;A0142;Crítica;9.2;Cloud Security;Aberta;2026-08-20;;Sistema_142;Média;Homologação;Ativo;A0142;Dominio_11;Recife;false;false;;0;
V00262;A0070;Baixa;0.6;Cloud Security;Corrigida;2026-01-24;2026-02-19;Sistema_70;Média;Homologação;Ativo;A0070;Dominio_11;Recife;false;false;false;0;26
V00263;A0176;Baixa;1.5;Cloud Security;Corrigida;2026-01-16;2026-01-25;Sistema_176;Baixa;Produção;Ativo;A0176;Dominio_9;Curitiba;false;false;false;0;9
V00264;A0200;Alta;7.8;Veracode;Aberta;2026-06-24;;Sistema_200;Alta;Homologação;Ativo;A0200;Dominio_9;Curitiba;false;false;;0;
V00265;A0197;Média;4.7;Pentest;Aberta;2026-08-13;;Sistema_197;Alta;Homologação;Ativo;A0197;Dominio_6;Curitiba;false;false;;0;
V00266;A0127;Baixa;0.4;Qualys;Em tratamento;2026-01-02;;Sistema_127;Baixa;Homologação;Ativo;A0127;Dominio_8;São Paulo;false;false;;0;
V00267;A0057;Baixa;2.2;Veracode;Corrigida;;2026-04-07;Sistema_57;Crítica;Homologação;Ativo;A0057;Dominio_10;Campinas;false;true;false;0;
V00268;A0102;Baixa;1.2;Pentest;Aceita;2026-03-02;;Sistema_102;Crítica;Produção;Ativo;A0102;Dominio_7;São Paulo;false;false;;0;
V00269;A0051;Baixa;1.6;Veracode;Em tratamento;2026-04-14;;Sistema_51;Média;Produção;Ativo;A0051;Dominio_4;Recife;false;false;;0;
V00270;A0026;Alta;7.8;Qualys;Em tratamento;2026-01-12;;Sistema_26;Baixa;Produção;Ativo;A0026;Dominio_3;Recife;false;false;;0;
V00271;A0067;Média;6.7;Pentest;Em tratamento;2026-03-01;;Sistema_67;Baixa;Homologação;Ativo;A0067;Dominio_8;Recife;false;false;;0;
V00272;A0056;Baixa;0.2;Pentest;Corrigida;2026-06-06;2026-08-15;Sistema_56;Baixa;Produção;Ativo;A0056;Dominio_9;Recife;false;false;false;0;70
V00273;A0042;Média;4.2;Pentest;Em tratamento;2026-04-26;;Sistema_42;Crítica;Desenvolvimento;Ativo;A0042;Dominio_7;São Paulo;false;false;;0;
V00274;A0120;Baixa;2.6;Pentest;Aberta;2026-02-03;;Sistema_120;Alta;Produção;Ativo;A0120;Dominio_1;São Paulo;false;false;;0;
V00275;A0100;Média;4.4;Pentest;Aberta;2026-02-04;;Sistema_100;Alta;Produção;Ativo;A0100;Dominio_5;São Paulo;false;false;;0;
V00276;A0021;Alta;8.9;Qualys;Em tratamento;2026-07-15;;Sistema_21;Baixa;Produção;Ativo;A0021;Dominio_10;São Paulo;false;false;;0;
V00277;A0014;Crítica;9.4;Qualys;Corrigida;2026-03-03;2026-04-07;Sistema_14;Crítica;Homologação;Ativo;A0014;Dominio_3;Campinas;false;false;false;0;35
V00278;A0005;Baixa;0.3;Cloud Security;Aceita;2026-08-15;;Sistema_5;Alta;Produção;Ativo;A0005;Dominio_6;Recife;false;false;;0;
V00279;A0169;Alta;8.4;Pentest;Aceita;2026-02-16;;Sistema_169;Alta;Homologação;Ativo;A0169;Dominio_2;Campinas;false;false;;0;
V00280;A0131;Baixa;3.4;Pentest;Em tratamento;2026-06-16;;Sistema_131;Baixa;Produção;Ativo;A0131;Dominio_12;Curitiba;false;false;;0;
V00281;A0038;Baixa;0.8;Qualys;Em tratamento;2026-06-19;;Sistema_38;Média;Desenvolvimento;Ativo;A0038;Dominio_3;Curitiba;false;false;;0;
V00282;A0106;Baixa;0.3;Cloud Security;Aberta;2026-08-01;;Sistema_106;Crítica;Desenvolvimento;Ativo;A0106;Dominio_11;Campinas;false;false;;0;
V00283;A0043;Alta;7.1;Qualys;Aceita;2026-01-29;;Sistema_43;Alta;Produção;Ativo;A0043;Dominio_8;Curitiba;false;false;;0;
V00284;A0057;Baixa;2.4;Qualys;Aceita;;;Sistema_57;Crítica;Homologação;Ativo;A0057;Dominio_10;Campinas;false;true;;0;
V00285;A0068;Média;5.3;Veracode;Corrigida;2026-05-16;2026-07-15;Sistema_68;Baixa;Desenvolvimento;Ativo;A0068;Dominio_9;Curitiba;false;false;false;0;60
V00286;A0180;Média;6.6;Cloud Security;Aceita;2026-07-29;;Sistema_180;Baixa;Desenvolvimento;Em desativação;A0180;Dominio_1;São Paulo;false;false;;0;
V00287;A0160;Baixa;1.8;Cloud Security;Em tratamento;2026-01-04;;Sistema_160;Média;Desenvolvimento;Ativo;A0160;Dominio_5;Recife;false;false;;0;
V00288;A0007;Alta;7.0;Pentest;Aberta;2026-08-21;;Sistema_7;Baixa;Produção;Ativo;A0007;Dominio_8;São Paulo;false;false;;0;
V00289;A0152;Média;6.4;Qualys;Em tratamento;2026-01-24;;Sistema_152;Crítica;Homologação;Em desativação;A0152;Dominio_9;Curitiba;false;false;;0;
V00290;A0164;Média;4.9;Veracode;Corrigida;2026-06-15;2026-07-10;Sistema_164;Crítica;Produção;Ativo;A0164;Dominio_9;São Paulo;false;false;false;0;25
V00291;A0024;Alta;8.0;Qualys;Aceita;2026-05-05;;Sistema_24;Baixa;Produção;Ativo;A0024;Dominio_1;São Paulo;false;false;;0;
V00292;A0126;Alta;8.9;Qualys;Em tratamento;2026-05-08;;Sistema_126;Média;Produção;Ativo;A0126;Dominio_7;São Paulo;false;false;;0;
V00293;A0171;Média;6.7;Cloud Security;Aceita;2026-07-28;;Sistema_171;Alta;Desenvolvimento;Em desativação;A0171;Dominio_4;São Paulo;false;false;;0;
V00294;A0050;Baixa;3.7;Qualys;Aceita;2026-05-18;;Sistema_50;Média;Homologação;Em desativação;A0050;Dominio_3;Campinas;false;false;;0;
V00295;A0128;Baixa;1.6;Pentest;Aceita;2026-05-28;;Sistema_128;Média;Homologação;Ativo;A0128;Dominio_9;Campinas;false;false;;0;
V00296;A0149;Baixa;2.9;Pentest;Corrigida;2026-09-04;2026-11-03;Sistema_149;Crítica;Desenvolvimento;Em desativação;A0149;Dominio_6;São Paulo;false;false;true;0;
V00297;A0118;Baixa;2.1;Qualys;Em tratamento;2026-01-19;;Sistema_118;Baixa;Produção;Ativo;A0118;Dominio_11;Campinas;false;false;;0;
V00298;A0069;Baixa;1.6;Pentest;Aceita;2026-07-04;;Sistema_69;Crítica;Homologação;Ativo;A0069;Dominio_10;Curitiba;false;false;;0;
V00299;A0001;Baixa;3.4;Qualys;Corrigida;2026-06-07;2026-06-26;Sistema_1;Crítica;Homologação;Em desativação;A0001;Dominio_2;São Paulo;false;false;false;0;19
V00300;A0106;Baixa;1.9;Qualys;Corrigida;2026-08-27;2026-10-30;Sistema_106;Crítica;Desenvolvimento;Ativo;A0106;Dominio_11;Campinas;false;false;true;0;
V00301;A0173;Baixa;3.7;Qualys;Em tratamento;2026-03-06;;Sistema_173;Alta;Produção;Ativo;A0173;Dominio_6;Campinas;false;false;;0;
V00302;A0070;Média;4.0;Qualys;Em tratamento;2026-04-02;;Sistema_70;Média;Homologação;Ativo;A0070;Dominio_11;Recife;false;false;;0;
V00303;A0081;Alta;8.3;Veracode;Em tratamento;2026-04-19;;Sistema_81;Alta;Homologação;Ativo;A0081;Dominio_10;São Paulo;false;false;;0;
V00304;A0075;Baixa;1.4;Qualys;Aberta;2026-04-17;;Sistema_75;Baixa;Desenvolvimento;Ativo;A0075;Dominio_4;Campinas;false;false;;0;
V00305;A0046;Crítica;9.0;Veracode;Aceita;2026-02-15;;Sistema_46;Baixa;Homologação;Ativo;A0046;Dominio_11;Recife;false;false;;0;
V00306;A0183;Baixa;0.7;Pentest;Aceita;2026-02-14;;Sistema_183;Média;Produção;Ativo;A0183;Dominio_4;Campinas;false;false;;0;
V00307;A0153;Alta;7.6;Veracode;Aceita;2026-01-24;;Sistema_153;Média;Desenvolvimento;Ativo;A0153;Dominio_10;Recife;false;false;;0;
V00308;A0066;Baixa;0.8;Pentest;Aceita;2026-04-13;;Sistema_66;Crítica;Homologação;Ativo;A0066;Dominio_7;Campinas;false;false;;0;
V00309;A0119;Baixa;3.9;Pentest;Corrigida;2026-08-18;2026-09-07;Sistema_119;Média;Homologação;Em desativação;A0119;Dominio_12;Campinas;false;false;false;0;20
V00310;A0185;Média;4.7;Qualys;Corrigida;2026-03-30;2026-05-23;Sistema_185;Média;Produção;Ativo;A0185;Dominio_6;Curitiba;false;false;false;0;54
V00311;A0027;Baixa;3.2;Veracode;Aberta;2026-06-21;;Sistema_27;Baixa;Produção;Ativo;A0027;Dominio_4;Campinas;false;false;;0;
V00312;A0073;Baixa;1.6;Qualys;Corrigida;2026-05-01;2026-07-07;Sistema_73;Crítica;Desenvolvimento;Em desativação;A0073;Dominio_2;Recife;false;false;false;0;67
V00313;A0058;Alta;7.5;Cloud Security;Aberta;2026-02-02;;Sistema_58;Baixa;Homologação;Ativo;A0058;Dominio_11;Recife;false;false;;0;
V00314;A0167;Crítica;9.9;Qualys;Em tratamento;2026-07-29;;Sistema_167;Alta;Produção;Ativo;A0167;Dominio_12;Recife;false;false;;0;
V00315;A0110;Média;4.7;Cloud Security;Corrigida;2026-03-30;2026-04-15;Sistema_110;Baixa;Produção;Em desativação;A0110;Dominio_3;Curitiba;false;false;false;0;16
V00316;A0102;Baixa;3.0;Cloud Security;Corrigida;2026-08-03;2026-10-19;Sistema_102;Crítica;Produção;Ativo;A0102;Dominio_7;São Paulo;false;false;true;0;
V00317;A0192;Baixa;0.1;Pentest;Aceita;2026-04-10;;Sistema_192;Baixa;Homologação;Em desativação;A0192;Dominio_1;Campinas;false;false;;0;
V00318;A0011;Alta;8.1;Qualys;Aberta;2026-06-08;;Sistema_11;Baixa;Produção;Ativo;A0011;Dominio_12;Campinas;false;false;;0;
V00319;A0137;Média;6.2;Pentest;Corrigida;2026-04-27;2026-07-10;Sistema_137;Alta;Desenvolvimento;Ativo;A0137;Dominio_6;São Paulo;false;false;false;0;74
V00320;A0117;Baixa;0.1;Cloud Security;Aceita;2026-05-19;;Sistema_117;Média;Homologação;Ativo;A0117;Dominio_10;Curitiba;false;false;;0;
V00321;A0115;Média;5.6;Qualys;Aceita;2026-04-18;;Sistema_115;Crítica;Produção;Ativo;A0115;Dominio_8;São Paulo;false;false;;0;
V00322;A0117;Baixa;2.0;Qualys;Em tratamento;2026-01-31;;Sistema_117;Média;Homologação;Ativo;A0117;Dominio_10;Curitiba;false;false;;0;
V00323;A0126;Média;4.7;Pentest;Corrigida;2026-01-18;2026-02-28;Sistema_126;Média;Produção;Ativo;A0126;Dominio_7;São Paulo;false;false;false;0;41
V00324;A0179;Média;5.9;Cloud Security;Corrigida;2026-04-23;2026-05-21;Sistema_179;Baixa;Desenvolvimento;Em desativação;A0179;Dominio_12;Recife;false;false;false;0;28
V00325;A0119;Alta;7.4;Pentest;Em tratamento;2026-04-09;;Sistema_119;Média;Homologação;Em desativação;A0119;Dominio_12;Campinas;false;false;;0;
V00326;A0189;Alta;8.3;Veracode;Corrigida;2026-07-17;2026-08-21;Sistema_189;Alta;Homologação;Em desativação;A0189;Dominio_10;Curitiba;false;false;false;0;35
V00327;A0186;Baixa;0.6;Cloud Security;Em tratamento;2026-07-12;;Sistema_186;Média;Desenvolvimento;Ativo;A0186;Dominio_7;Campinas;false;false;;0;
V00328;A0093;Baixa;0.6;Cloud Security;Aberta;2026-08-24;;Sistema_93;Alta;Produção;Ativo;A0093;Dominio_10;Curitiba;false;false;;0;
V00329;A0127;Baixa;2.9;Qualys;Em tratamento;2026-06-02;;Sistema_127;Baixa;Homologação;Ativo;A0127;Dominio_8;São Paulo;false;false;;0;
V00330;A0054;Baixa;2.1;Qualys;Aberta;2026-01-19;;Sistema_54;Baixa;Homologação;Ativo;A0054;Dominio_7;São Paulo;false;false;;0;
V00331;A0171;Baixa;2.1;Pentest;Aceita;2026-01-27;;Sistema_171;Alta;Desenvolvimento;Em desativação;A0171;Dominio_4;São Paulo;false;false;;0;
V00332;A0087;Alta;8.9;Veracode;Aberta;2026-07-13;;Sistema_87;Alta;Produção;Ativo;A0087;Dominio_4;Recife;false;false;;0;
V00333;A0172;Baixa;2.2;Cloud Security;Em tratamento;2026-01-09;;Sistema_172;Baixa;Homologação;Ativo;A0172;Dominio_5;Recife;false;false;;0;
V00334;A0143;Baixa;2.1;Pentest;Corrigida;2026-02-07;2026-02-08;Sistema_143;Média;Homologação;Ativo;A0143;Dominio_12;Curitiba;false;false;false;0;1
V00335;A0039;Baixa;0.7;Pentest;Aceita;2026-01-13;;Sistema_39;Crítica;Desenvolvimento;Ativo;A0039;Dominio_4;Campinas;false;false;;0;
V00336;A0054;Baixa;1.1;Qualys;Corrigida;2026-08-17;2026-11-06;Sistema_54;Baixa;Homologação;Ativo;A0054;Dominio_7;São Paulo;false;false;true;0;
V00337;A0193;Média;6.8;Pentest;Aceita;2026-01-06;;Sistema_193;Média;Produção;Em desativação;A0193;Dominio_2;Recife;false;false;;0;
V00338;A0030;Alta;7.3;Pentest;Corrigida;2026-02-23;2026-05-04;Sistema_30;Crítica;Desenvolvimento;Ativo;A0030;Dominio_7;Curitiba;false;false;false;0;70
V00339;A0151;Crítica;9.9;Veracode;Em tratamento;2026-04-29;;Sistema_151;Crítica;Produção;Ativo;A0151;Dominio_8;Recife;false;false;;0;
V00340;A0027;Média;4.4;Cloud Security;Em tratamento;2026-04-28;;Sistema_27;Baixa;Produção;Ativo;A0027;Dominio_4;Campinas;false;false;;0;
V00341;A0147;Baixa;1.7;Qualys;Em tratamento;2026-01-21;;Sistema_147;Média;Desenvolvimento;Ativo;A0147;Dominio_4;Campinas;false;false;;0;
V00342;A0186;Média;6.7;Cloud Security;Em tratamento;2026-07-12;;Sistema_186;Média;Desenvolvimento;Ativo;A0186;Dominio_7;Campinas;false;false;;0;
V00343;A0027;Baixa;3.9;Veracode;Em tratamento;2026-08-13;;Sistema_27;Baixa;Produção;Ativo;A0027;Dominio_4;Campinas;false;false;;0;
V00344;A0091;Média;6.2;Qualys;Corrigida;2026-05-31;2026-07-04;Sistema_91;Crítica;Desenvolvimento;Em desativação;A0091;Dominio_8;Curitiba;false;false;false;0;34
V00345;A0193;Média;6.1;Cloud Security;Aberta;2026-09-11;;Sistema_193;Média;Produção;Em desativação;A0193;Dominio_2;Recife;false;false;;0;
V00346;A0004;Média;4.3;Cloud Security;Corrigida;2026-06-18;2026-08-03;Sistema_4;Alta;Homologação;Ativo;A0004;Dominio_5;Campinas;false;false;false;0;46
V00347;A0054;Baixa;1.1;Cloud Security;Em tratamento;2026-06-11;;Sistema_54;Baixa;Homologação;Ativo;A0054;Dominio_7;São Paulo;false;false;;0;
V00348;A0076;Baixa;2.2;Cloud Security;Em tratamento;2026-03-22;;Sistema_76;Baixa;Produção;Ativo;A0076;Dominio_5;Curitiba;false;false;;0;
V00349;A0079;Crítica;10.0;Pentest;Em tratamento;2026-05-12;;Sistema_79;Baixa;Desenvolvimento;Ativo;A0079;Dominio_8;Campinas;false;false;;0;
V00350;A0120;Baixa;3.1;Veracode;Aceita;2026-02-01;;Sistema_120;Alta;Produção;Ativo;A0120;Dominio_1;São Paulo;false;false;;0;
V00351;A0130;Baixa;1.4;Veracode;Aceita;2026-05-22;;Sistema_130;Baixa;Produção;Ativo;A0130;Dominio_11;Recife;false;false;;0;
V00352;A0191;Alta;7.4;Pentest;Corrigida;2026-03-28;2026-06-18;Sistema_191;Baixa;Homologação;Em desativação;A0191;Dominio_12;Campinas;false;false;false;0;82
V00353;A0098;Alta;7.3;Pentest;Corrigida;2026-02-11;2026-02-16;Sistema_98;Crítica;Homologação;Ativo;A0098;Dominio_3;Recife;false;false;false;0;5
V00354;A0116;Alta;7.7;Pentest;Em tratamento;2026-01-30;;Sistema_116;Crítica;Produção;Ativo;A0116;Dominio_9;Campinas;false;false;;0;
V00355;A0035;Alta;7.5;Veracode;Aceita;;;Sistema_35;Baixa;Produção;Em desativação;A0035;Dominio_12;Curitiba;false;true;;0;
V00356;A0175;Baixa;1.0;Pentest;Aceita;;;Sistema_175;Crítica;Homologação;Ativo;A0175;Dominio_8;São Paulo;false;true;;0;
V00357;A0002;Média;6.1;Cloud Security;Aceita;2026-04-04;;Sistema_2;Média;Produção;Em desativação;A0002;Dominio_3;São Paulo;false;false;;0;
V00358;A0118;Média;5.0;Veracode;Aceita;2026-02-21;;Sistema_118;Baixa;Produção;Ativo;A0118;Dominio_11;Campinas;false;false;;0;
V00359;A0111;Média;5.3;Pentest;Aceita;2026-08-08;;Sistema_111;Crítica;Produção;Ativo;A0111;Dominio_4;Curitiba;false;false;;0;
V00360;A0184;Baixa;3.1;Pentest;Aberta;2026-07-31;;Sistema_184;Crítica;Produção;Em desativação;A0184;Dominio_5;Recife;false;false;;0;
V00361;A0156;Média;5.3;Qualys;Em tratamento;2026-04-03;;Sistema_156;Média;Produção;Ativo;A0156;Dominio_1;Curitiba;false;false;;0;
V00362;A0138;Crítica;9.6;Pentest;Corrigida;2026-05-19;2026-08-05;Sistema_138;Baixa;Desenvolvimento;Em desativação;A0138;Dominio_7;Recife;false;false;false;0;78
V00363;A0105;Baixa;1.9;Cloud Security;Corrigida;2026-09-01;2026-09-04;Sistema_105;Média;Homologação;Em desativação;A0105;Dominio_10;Curitiba;false;false;false;0;3
V00364;A0113;Baixa;3.6;Qualys;Aceita;2026-02-21;;Sistema_113;Baixa;Produção;Ativo;A0113;Dominio_6;Campinas;false;false;;0;
V00365;A0012;Alta;7.9;Cloud Security;Aceita;2026-08-16;;Sistema_12;Baixa;Desenvolvimento;Em desativação;A0012;Dominio_1;Recife;false;false;;0;
V00366;A0007;Crítica;9.3;Veracode;Em tratamento;2026-02-24;;Sistema_7;Baixa;Produção;Ativo;A0007;Dominio_8;São Paulo;false;false;;0;
V00367;A0100;Média;4.1;Cloud Security;Aceita;2026-09-02;;Sistema_100;Alta;Produção;Ativo;A0100;Dominio_5;São Paulo;false;false;;0;
V00368;A0139;Crítica;9.3;Veracode;Em tratamento;2026-05-31;;Sistema_139;Média;Desenvolvimento;Em desativação;A0139;Dominio_8;Curitiba;false;false;;0;
V00369;A0084;Média;6.6;Pentest;Corrigida;2026-07-16;2026-09-24;Sistema_84;Alta;Desenvolvimento;Em desativação;A0084;Dominio_1;Recife;false;false;false;0;70
V00370;A0004;Baixa;3.2;Qualys;Aberta;2026-08-17;;Sistema_4;Alta;Homologação;Ativo;A0004;Dominio_5;Campinas;false;false;;0;
V00371;A0130;Média;5.8;Veracode;Aberta;2026-08-05;;Sistema_130;Baixa;Produção;Ativo;A0130;Dominio_11;Recife;false;false;;0;
V00372;A0084;Alta;8.5;Cloud Security;Corrigida;2026-07-15;2026-09-23;Sistema_84;Alta;Desenvolvimento;Em desativação;A0084;Dominio_1;Recife;false;false;false;0;70
V00373;A0067;Média;5.6;Veracode;Em tratamento;2026-05-25;;Sistema_67;Baixa;Homologação;Ativo;A0067;Dominio_8;Recife;false;false;;0;
V00374;A0034;Baixa;0.4;Veracode;Em tratamento;2026-02-02;;Sistema_34;Não Mapeado;Produção;Em desativação;A0034;Dominio_11;Curitiba;false;false;;0;
V00375;A0071;Baixa;1.6;Qualys;Em tratamento;2026-05-22;;Sistema_71;Média;Desenvolvimento;Ativo;A0071;Dominio_12;São Paulo;false;false;;0;
V00376;A0099;Baixa;2.7;Veracode;Aberta;2026-07-05;;Sistema_99;Alta;Produção;Ativo;A0099;Dominio_4;Recife;false;false;;0;
V00377;A0145;Média;5.9;Cloud Security;Aberta;2026-02-12;;Sistema_145;Baixa;Desenvolvimento;Em desativação;A0145;Dominio_2;Curitiba;false;false;;0;
V00378;A0105;Crítica;9.2;Qualys;Em tratamento;2026-02-01;;Sistema_105;Média;Homologação;Em desativação;A0105;Dominio_10;Curitiba;false;false;;0;
V00379;A0173;Baixa;1.5;Veracode;Corrigida;2026-09-09;2026-11-21;Sistema_173;Alta;Produção;Ativo;A0173;Dominio_6;Campinas;false;false;true;0;
V00380;A0066;Baixa;1.9;Qualys;Em tratamento;2026-03-20;;Sistema_66;Crítica;Homologação;Ativo;A0066;Dominio_7;Campinas;false;false;;0;
V00381;A0091;Alta;7.5;Veracode;Aberta;2026-02-27;;Sistema_91;Crítica;Desenvolvimento;Em desativação;A0091;Dominio_8;Curitiba;false;false;;0;
V00382;A0041;Média;6.3;Cloud Security;Aberta;2026-07-03;;Sistema_41;Alta;Homologação;Em desativação;A0041;Dominio_6;Campinas;false;false;;0;
V00383;A0153;Média;6.0;Qualys;Em tratamento;2026-03-13;;Sistema_153;Média;Desenvolvimento;Ativo;A0153;Dominio_10;Recife;false;false;;0;
V00384;A0116;Média;4.5;Qualys;Corrigida;2026-08-05;2026-10-23;Sistema_116;Crítica;Produção;Ativo;A0116;Dominio_9;Campinas;false;false;true;0;
V00385;A0027;Baixa;3.9;Qualys;Em tratamento;2026-04-10;;Sistema_27;Baixa;Produção;Ativo;A0027;Dominio_4;Campinas;false;false;;0;
V00386;A0143;Alta;8.5;Cloud Security;Aceita;2026-05-02;;Sistema_143;Média;Homologação;Ativo;A0143;Dominio_12;Curitiba;false;false;;0;
V00387;A0184;Alta;8.0;Cloud Security;Aceita;2026-07-17;;Sistema_184;Crítica;Produção;Em desativação;A0184;Dominio_5;Recife;false;false;;0;
V00388;A0109;Baixa;3.7;Veracode;Em tratamento;2026-03-20;;Sistema_109;Baixa;Desenvolvimento;Ativo;A0109;Dominio_2;Curitiba;false;false;;0;
V00389;A0003;Alta;8.7;Qualys;Aberta;2026-06-30;;Sistema_3;Média;Homologação;Ativo;A0003;Dominio_4;São Paulo;false;false;;0;
V00390;A0093;Alta;7.9;Cloud Security;Aceita;2026-04-28;;Sistema_93;Alta;Produção;Ativo;A0093;Dominio_10;Curitiba;false;false;;0;
V00391;A0053;Baixa;0.2;Qualys;Corrigida;2026-09-01;2026-11-23;Sistema_53;Baixa;Homologação;Ativo;A0053;Dominio_6;Campinas;false;false;true;0;
V00392;A0068;Baixa;3.1;Qualys;Em tratamento;2026-04-26;;Sistema_68;Baixa;Desenvolvimento;Ativo;A0068;Dominio_9;Curitiba;false;false;;0;
V00393;A0079;Média;4.3;Pentest;Em tratamento;2026-01-14;;Sistema_79;Baixa;Desenvolvimento;Ativo;A0079;Dominio_8;Campinas;false;false;;0;
V00394;A0149;Crítica;9.2;Cloud Security;Aberta;2026-06-17;;Sistema_149;Crítica;Desenvolvimento;Em desativação;A0149;Dominio_6;São Paulo;false;false;;0;
V00395;A0192;Média;5.1;Qualys;Em tratamento;2026-01-17;;Sistema_192;Baixa;Homologação;Em desativação;A0192;Dominio_1;Campinas;false;false;;0;
V00396;A0063;Baixa;3.1;Qualys;Aberta;2026-03-03;;Sistema_63;Alta;Homologação;Ativo;A0063;Dominio_4;Campinas;false;false;;0;
V00397;A0155;Baixa;3.8;Pentest;Corrigida;2026-01-10;2026-04-02;Sistema_155;Alta;Produção;Ativo;A0155;Dominio_12;São Paulo;false;false;false;0;82
V00398;A0167;Baixa;1.9;Veracode;Aceita;2026-04-10;;Sistema_167;Alta;Produção;Ativo;A0167;Dominio_12;Recife;false;false;;0;
V00399;A0112;Média;4.0;Cloud Security;Corrigida;2026-08-17;2026-10-21;Sistema_112;Baixa;Homologação;Ativo;A0112;Dominio_5;Campinas;false;false;true;0;
V00400;A0093;Crítica;9.3;Pentest;Corrigida;2026-08-05;2026-10-12;Sistema_93;Alta;Produção;Ativo;A0093;Dominio_10;Curitiba;false;false;true;0;
V00401;A0074;Baixa;1.5;Qualys;Em tratamento;2026-08-25;;Sistema_74;Baixa;Produção;Em desativação;A0074;Dominio_3;São Paulo;false;false;;0;
V00402;A0124;Alta;8.9;Cloud Security;Corrigida;2026-07-09;2026-07-26;Sistema_124;Baixa;Produção;Ativo;A0124;Dominio_5;São Paulo;false;false;false;0;17
V00403;A0026;Baixa;3.9;Pentest;Aceita;2026-02-18;;Sistema_26;Baixa;Produção;Ativo;A0026;Dominio_3;Recife;false;false;;0;
V00404;A0193;Baixa;2.2;Cloud Security;Corrigida;2026-01-19;2026-04-07;Sistema_193;Média;Produção;Em desativação;A0193;Dominio_2;Recife;false;false;false;0;78
V00405;A0068;Baixa;3.4;Pentest;Corrigida;2026-06-23;2026-08-23;Sistema_68;Baixa;Desenvolvimento;Ativo;A0068;Dominio_9;Curitiba;false;false;false;0;61
V00406;A0034;Crítica;9.3;Qualys;Em tratamento;2026-02-10;;Sistema_34;Não Mapeado;Produção;Em desativação;A0034;Dominio_11;Curitiba;false;false;;0;
V00407;A0181;Baixa;3.0;Qualys;Aberta;2026-04-08;;Sistema_181;Crítica;Produção;Em desativação;A0181;Dominio_2;Campinas;false;false;;0;
V00408;A0016;Baixa;1.5;Pentest;Em tratamento;2026-01-08;;Sistema_16;Baixa;Homologação;Ativo;A0016;Dominio_5;Campinas;false;false;;0;
V00409;A0164;Alta;7.5;Qualys;Aberta;2026-07-23;;Sistema_164;Crítica;Produção;Ativo;A0164;Dominio_9;São Paulo;false;false;;0;
V00410;A0001;Baixa;3.3;Qualys;Corrigida;2026-06-22;2026-09-03;Sistema_1;Crítica;Homologação;Em desativação;A0001;Dominio_2;São Paulo;false;false;false;0;73
V00411;A0186;Alta;8.0;Veracode;Aceita;2026-06-19;;Sistema_186;Média;Desenvolvimento;Ativo;A0186;Dominio_7;Campinas;false;false;;0;
V00412;A0074;Média;5.6;Pentest;Aberta;2026-02-16;;Sistema_74;Baixa;Produção;Em desativação;A0074;Dominio_3;São Paulo;false;false;;0;
V00413;A0080;Baixa;2.6;Qualys;Em tratamento;2026-01-29;;Sistema_80;Crítica;Produção;Ativo;A0080;Dominio_9;Recife;false;false;;0;
V00414;A0142;Crítica;9.1;Veracode;Em tratamento;2026-07-18;;Sistema_142;Média;Homologação;Ativo;A0142;Dominio_11;Recife;false;false;;0;
V00415;A0033;Crítica;9.3;Veracode;Aberta;2026-08-28;;Sistema_33;Média;Homologação;Ativo;A0033;Dominio_10;Campinas;false;false;;0;
V00416;A0157;Alta;8.6;Cloud Security;Aceita;2026-01-18;;Sistema_157;Alta;Desenvolvimento;Ativo;A0157;Dominio_2;Recife;false;false;;0;
V00417;A0187;Média;5.3;Qualys;Aceita;2026-08-17;;Sistema_187;Não Mapeado;Homologação;Ativo;A0187;Dominio_8;Campinas;false;false;;0;
V00418;A0148;Alta;7.1;Qualys;Aberta;2026-03-11;;Sistema_148;Alta;Produção;Ativo;A0148;Dominio_5;São Paulo;false;false;;0;
V00419;A0057;Baixa;0.7;Veracode;Corrigida;2026-05-07;2026-07-02;Sistema_57;Crítica;Homologação;Ativo;A0057;Dominio_10;Campinas;false;false;false;0;56
V00420;A0062;Baixa;2.9;Cloud Security;Aceita;2026-05-12;;Sistema_62;Baixa;Desenvolvimento;Em desativação;A0062;Dominio_3;São Paulo;false;false;;0;
V00421;A0119;Alta;8.5;Pentest;Em tratamento;2026-01-22;;Sistema_119;Média;Homologação;Em desativação;A0119;Dominio_12;Campinas;false;false;;0;
V00422;A0164;Baixa;2.0;Pentest;Em tratamento;2026-04-01;;Sistema_164;Crítica;Produção;Ativo;A0164;Dominio_9;São Paulo;false;false;;0;
V00423;A0138;Crítica;9.9;Veracode;Corrigida;2026-08-13;2026-08-21;Sistema_138;Baixa;Desenvolvimento;Em desativação;A0138;Dominio_7;Recife;false;false;false;0;8
V00424;A0155;Média;5.4;Veracode;Em tratamento;2026-01-07;;Sistema_155;Alta;Produção;Ativo;A0155;Dominio_12;São Paulo;false;false;;0;
V00425;A0083;Crítica;9.4;Veracode;Aceita;2026-05-17;;Sistema_83;Alta;Homologação;Em desativação;A0083;Dominio_12;Curitiba;false;false;;0;
V00426;A0083;Média;4.6;Veracode;Aberta;;;Sistema_83;Alta;Homologação;Em desativação;A0083;Dominio_12;Curitiba;false;true;;0;
V00427;A0135;Alta;7.3;Pentest;Aceita;2026-08-06;;Sistema_135;Alta;Produção;Ativo;A0135;Dominio_4;Recife;false;false;;0;
V00428;A0075;Baixa;3.8;Qualys;Aberta;2026-01-05;;Sistema_75;Baixa;Desenvolvimento;Ativo;A0075;Dominio_4;Campinas;false;false;;0;
V00429;A0086;Média;4.4;Qualys;Aceita;2026-04-17;;Sistema_86;Média;Produção;Ativo;A0086;Dominio_3;Recife;false;false;;0;
V00430;A0020;Baixa;0.4;Veracode;Corrigida;2026-03-25;2026-06-21;Sistema_20;Alta;Produção;Em desativação;A0020;Dominio_9;Recife;false;false;false;0;88
V00431;A0130;Média;4.5;Veracode;Aberta;2026-02-07;;Sistema_130;Baixa;Produção;Ativo;A0130;Dominio_11;Recife;false;false;;0;
V00432;A0193;Baixa;3.7;Pentest;Corrigida;2026-01-01;2026-01-28;Sistema_193;Média;Produção;Em desativação;A0193;Dominio_2;Recife;false;false;false;0;27
V00433;A0087;Baixa;2.7;Cloud Security;Em tratamento;2026-04-06;;Sistema_87;Alta;Produção;Ativo;A0087;Dominio_4;Recife;false;false;;0;
V00434;A0061;Baixa;2.0;Pentest;Corrigida;2026-03-08;2026-03-12;Sistema_61;Crítica;Homologação;Ativo;A0061;Dominio_2;Recife;false;false;false;0;4
V00435;A0153;Crítica;9.0;Pentest;Corrigida;2026-05-19;2026-06-02;Sistema_153;Média;Desenvolvimento;Ativo;A0153;Dominio_10;Recife;false;false;false;0;14
V00436;A0045;Baixa;3.6;Veracode;Em tratamento;2026-02-20;;Sistema_45;Média;Desenvolvimento;Ativo;A0045;Dominio_10;Curitiba;false;false;;0;
V00437;A0193;Baixa;1.0;Pentest;Aberta;2026-05-31;;Sistema_193;Média;Produção;Em desativação;A0193;Dominio_2;Recife;false;false;;0;
V00438;A0161;Baixa;3.1;Qualys;Aberta;2026-04-28;;Sistema_161;Crítica;Homologação;Em desativação;A0161;Dominio_6;Recife;false;false;;0;
V00439;A0031;Baixa;2.1;Cloud Security;Aceita;2026-04-27;;Sistema_31;Alta;Desenvolvimento;Ativo;A0031;Dominio_8;São Paulo;false;false;;0;
V00440;A0128;Crítica;9.4;Veracode;Corrigida;2026-08-13;2026-08-14;Sistema_128;Média;Homologação;Ativo;A0128;Dominio_9;Campinas;false;false;false;0;1
V00441;A0022;Baixa;3.5;Pentest;Corrigida;2026-02-06;2026-04-10;Sistema_22;Baixa;Produção;Ativo;A0022;Dominio_11;São Paulo;false;false;false;0;63
V00442;A0001;Média;4.2;Pentest;Em tratamento;2026-08-02;;Sistema_1;Crítica;Homologação;Em desativação;A0001;Dominio_2;São Paulo;false;false;;0;
V00443;A0158;Crítica;9.0;Pentest;Aberta;2026-04-13;;Sistema_158;Alta;Desenvolvimento;Em desativação;A0158;Dominio_3;Curitiba;false;false;;0;
V00444;A0169;Média;4.0;Qualys;Em tratamento;2026-03-05;;Sistema_169;Alta;Homologação;Ativo;A0169;Dominio_2;Campinas;false;false;;0;
V00445;A0092;Baixa;0.1;Qualys;Corrigida;;2026-06-24;Sistema_92;Alta;Homologação;Em desativação;A0092;Dominio_9;Curitiba;false;true;false;0;
V00446;A0001;Crítica;9.1;Veracode;Em tratamento;2026-07-10;;Sistema_1;Crítica;Homologação;Em desativação;A0001;Dominio_2;São Paulo;false;false;;0;
V00447;A0180;Média;6.8;Veracode;Corrigida;2026-04-08;2026-06-17;Sistema_180;Baixa;Desenvolvimento;Em desativação;A0180;Dominio_1;São Paulo;false;false;false;0;70
V00448;A0013;Média;5.6;Pentest;Aceita;2026-01-07;;Sistema_13;Baixa;Não Mapeado;Ativo;A0013;Dominio_2;São Paulo;false;false;;0;
V00449;A0126;Alta;8.1;Veracode;Aceita;2026-09-11;;Sistema_126;Média;Produção;Ativo;A0126;Dominio_7;São Paulo;false;false;;0;
V00450;A0020;Baixa;2.8;Qualys;Aberta;2026-02-26;;Sistema_20;Alta;Produção;Em desativação;A0020;Dominio_9;Recife;false;false;;0;
V00451;A0085;Baixa;1.7;Qualys;Aceita;2026-01-20;;Sistema_85;Baixa;Produção;Ativo;A0085;Dominio_2;Recife;false;false;;0;
V00452;A0021;Alta;7.4;Cloud Security;Aceita;2026-06-24;;Sistema_21;Baixa;Produção;Ativo;A0021;Dominio_10;São Paulo;false;false;;0;
V00453;A0021;Crítica;9.2;Veracode;Corrigida;2026-07-11;2026-08-15;Sistema_21;Baixa;Produção;Ativo;A0021;Dominio_10;São Paulo;false;false;false;0;35
V00454;A0002;Alta;8.8;Pentest;Corrigida;2026-08-29;2026-10-02;Sistema_2;Média;Produção;Em desativação;A0002;Dominio_3;São Paulo;false;false;false;0;34
V00455;A0061;Crítica;9.2;Pentest;Aberta;2026-02-08;;Sistema_61;Crítica;Homologação;Ativo;A0061;Dominio_2;Recife;false;false;;0;
V00456;A0163;Média;6.3;Qualys;Corrigida;2026-04-30;2026-07-03;Sistema_163;Crítica;Homologação;Em desativação;A0163;Dominio_8;Recife;false;false;false;0;64
V00457;A0155;Baixa;0.4;Qualys;Em tratamento;2026-06-24;;Sistema_155;Alta;Produção;Ativo;A0155;Dominio_12;São Paulo;false;false;;0;
V00458;A0178;Baixa;0.3;Pentest;Aberta;2026-01-08;;Sistema_178;Alta;Produção;Ativo;A0178;Dominio_11;São Paulo;false;false;;0;
V00459;A0056;Alta;8.0;Qualys;Em tratamento;2026-04-27;;Sistema_56;Baixa;Produção;Ativo;A0056;Dominio_9;Recife;false;false;;0;
V00460;A0129;Crítica;9.4;Cloud Security;Aberta;2026-05-25;;Sistema_129;Alta;Homologação;Ativo;A0129;Dominio_10;Campinas;false;false;;0;
V00461;A0064;Alta;8.4;Qualys;Aberta;2026-01-19;;Sistema_64;Crítica;Homologação;Ativo;A0064;Dominio_5;Campinas;false;false;;0;
V00462;A0102;Média;5.8;Cloud Security;Em tratamento;2026-05-25;;Sistema_102;Crítica;Produção;Ativo;A0102;Dominio_7;São Paulo;false;false;;0;
V00463;A0088;Média;5.1;Veracode;Corrigida;2026-03-15;2026-04-25;Sistema_88;Crítica;Homologação;Ativo;A0088;Dominio_5;Campinas;false;false;false;0;41
V00464;A0058;Crítica;9.7;Pentest;Em tratamento;2026-08-25;;Sistema_58;Baixa;Homologação;Ativo;A0058;Dominio_11;Recife;false;false;;0;
V00465;A0086;Baixa;3.9;Qualys;Aceita;2026-05-14;;Sistema_86;Média;Produção;Ativo;A0086;Dominio_3;Recife;false;false;;0;
V00466;A0048;Alta;7.9;Pentest;Aceita;2026-02-03;;Sistema_48;Baixa;Produção;Ativo;A0048;Dominio_1;Curitiba;false;false;;0;
V00467;A0157;Baixa;3.1;Pentest;Corrigida;2026-03-08;2026-03-28;Sistema_157;Alta;Desenvolvimento;Ativo;A0157;Dominio_2;Recife;false;false;false;0;20
V00468;A0199;Baixa;3.7;Cloud Security;Corrigida;2026-05-05;2026-07-29;Sistema_199;Crítica;Homologação;Ativo;A0199;Dominio_8;Recife;false;false;false;0;85
V00469;A0073;Crítica;10.0;Veracode;Corrigida;2026-08-14;2026-10-04;Sistema_73;Crítica;Desenvolvimento;Em desativação;A0073;Dominio_2;Recife;false;false;false;0;51
V00470;A0018;Média;6.3;Pentest;Em tratamento;2026-05-21;;Sistema_18;Média;Produção;Ativo;A0018;Dominio_7;Recife;false;false;;0;
V00471;A0139;Baixa;1.5;Cloud Security;Em tratamento;2026-01-04;;Sistema_139;Média;Desenvolvimento;Em desativação;A0139;Dominio_8;Curitiba;false;false;;0;
V00472;A0015;Média;5.8;Qualys;Corrigida;2026-06-10;2026-07-29;Sistema_15;Média;Homologação;Ativo;A0015;Dominio_4;Recife;false;false;false;0;49
V00473;A0185;Baixa;0.8;Pentest;Aberta;2026-08-01;;Sistema_185;Média;Produção;Ativo;A0185;Dominio_6;Curitiba;false;false;;0;
V00474;A0166;Média;5.2;Qualys;Em tratamento;2026-09-15;;Sistema_166;Média;Desenvolvimento;Ativo;A0166;Dominio_11;Curitiba;false;false;;0;
V00475;A0126;Baixa;3.3;Pentest;Corrigida;2026-04-20;2026-05-27;Sistema_126;Média;Produção;Ativo;A0126;Dominio_7;São Paulo;false;false;false;0;37
V00476;A0193;Média;4.7;Cloud Security;Em tratamento;2026-08-23;;Sistema_193;Média;Produção;Em desativação;A0193;Dominio_2;Recife;false;false;;0;
V00477;A0114;Média;5.9;Cloud Security;Aceita;2026-04-29;;Sistema_114;Alta;Produção;Ativo;A0114;Dominio_7;Campinas;false;false;;0;
V00478;A0097;Crítica;9.0;Qualys;Aberta;2026-03-02;;Sistema_97;Crítica;Homologação;Ativo;A0097;Dominio_2;São Paulo;false;false;;0;
V00479;A0103;Média;4.7;Veracode;Aceita;2026-07-02;;Sistema_103;Alta;Homologação;Ativo;A0103;Dominio_8;Curitiba;false;false;;0;
V00480;A0161;Baixa;1.7;Veracode;Aberta;2026-09-09;;Sistema_161;Crítica;Homologação;Em desativação;A0161;Dominio_6;Recife;false;false;;0;
V00481;A0141;Baixa;2.0;Pentest;Aceita;2026-03-28;;Sistema_141;Crítica;Produção;Ativo;A0141;Dominio_10;Curitiba;false;false;;0;
V00482;A0117;Alta;7.8;Veracode;Aceita;2026-08-14;;Sistema_117;Média;Homologação;Ativo;A0117;Dominio_10;Curitiba;false;false;;0;
V00483;A0073;Baixa;1.5;Veracode;Aceita;2026-06-30;;Sistema_73;Crítica;Desenvolvimento;Em desativação;A0073;Dominio_2;Recife;false;false;;0;
V00484;A0155;Baixa;3.9;Veracode;Aceita;2026-07-05;;Sistema_155;Alta;Produção;Ativo;A0155;Dominio_12;São Paulo;false;false;;0;
V00485;A0143;Crítica;9.6;Veracode;Aceita;2026-05-21;;Sistema_143;Média;Homologação;Ativo;A0143;Dominio_12;Curitiba;false;false;;0;
V00486;A0059;Alta;8.3;Pentest;Aberta;2026-06-06;;Sistema_59;Alta;Desenvolvimento;Ativo;A0059;Dominio_12;Recife;false;false;;0;
V00487;A0137;Alta;8.7;Veracode;Aberta;2026-03-29;;Sistema_137;Alta;Desenvolvimento;Ativo;A0137;Dominio_6;São Paulo;false;false;;0;
V00488;A0169;Baixa;3.9;Qualys;Aceita;2026-06-05;;Sistema_169;Alta;Homologação;Ativo;A0169;Dominio_2;Campinas;false;false;;0;
V00489;A0122;Crítica;9.3;Veracode;Em tratamento;2026-08-10;;Sistema_122;Alta;Produção;Ativo;A0122;Dominio_3;Recife;false;false;;0;
V00490;A0197;Média;4.9;Veracode;Aceita;2026-08-21;;Sistema_197;Alta;Homologação;Ativo;A0197;Dominio_6;Curitiba;false;false;;0;
V00491;A0150;Alta;8.9;Qualys;Corrigida;2026-07-31;2026-09-03;Sistema_150;Média;Homologação;Ativo;A0150;Dominio_7;Curitiba;false;false;false;0;34
V00492;A0164;Baixa;3.4;Qualys;Em tratamento;2026-08-27;;Sistema_164;Crítica;Produção;Ativo;A0164;Dominio_9;São Paulo;false;false;;0;
V00493;A0024;Média;5.7;Qualys;Em tratamento;2026-01-31;;Sistema_24;Baixa;Produção;Ativo;A0024;Dominio_1;São Paulo;false;false;;0;
V00494;A0012;Média;4.3;Pentest;Aceita;2026-01-06;;Sistema_12;Baixa;Desenvolvimento;Em desativação;A0012;Dominio_1;Recife;false;false;;0;
V00495;A0102;Baixa;1.7;Pentest;Aberta;2026-01-18;;Sistema_102;Crítica;Produção;Ativo;A0102;Dominio_7;São Paulo;false;false;;0;
V00496;A0038;Média;4.6;Pentest;Em tratamento;2026-06-07;;Sistema_38;Média;Desenvolvimento;Ativo;A0038;Dominio_3;Curitiba;false;false;;0;
V00497;A0196;Alta;8.5;Cloud Security;Aberta;;;Sistema_196;Baixa;Desenvolvimento;Ativo;A0196;Dominio_5;Recife;false;true;;0;
V00498;A0192;Baixa;1.9;Veracode;Aberta;2026-08-20;;Sistema_192;Baixa;Homologação;Em desativação;A0192;Dominio_1;Campinas;false;false;;0;
V00499;A0052;Baixa;3.9;Pentest;Corrigida;2026-07-31;2026-08-06;Sistema_52;Alta;Produção;Ativo;A0052;Dominio_5;Recife;false;false;false;0;6
V00500;A0121;Média;6.4;Cloud Security;Corrigida;2026-05-24;2026-07-30;Sistema_121;Crítica;Homologação;Ativo;A0121;Dominio_2;Recife;false;false;false;0;67
V00502;A0168;Alta;8.5;Pentest;Aceita;2026-05-20;;Sistema_168;Baixa;Homologação;Ativo;A0168;Dominio_1;São Paulo;false;false;;0;
V00503;A0133;Média;5.9;Pentest;Em tratamento;2026-03-06;;Sistema_133;Baixa;Desenvolvimento;Em desativação;A0133;Dominio_2;Curitiba;false;false;;0;
V00504;A0025;Crítica;9.2;Qualys;Aberta;2026-07-05;;Sistema_25;Média;Desenvolvimento;Ativo;A0025;Dominio_2;São Paulo;false;false;;0;
V00505;A0070;Alta;7.0;Qualys;Em tratamento;2026-01-09;;Sistema_70;Média;Homologação;Ativo;A0070;Dominio_11;Recife;false;false;;0;
V00506;A0143;Crítica;9.5;Pentest;Aceita;2026-08-27;;Sistema_143;Média;Homologação;Ativo;A0143;Dominio_12;Curitiba;false;false;;0;
V00507;A0150;Média;6.4;Cloud Security;Aberta;2026-06-07;;Sistema_150;Média;Homologação;Ativo;A0150;Dominio_7;Curitiba;false;false;;0;
V00508;A0095;Baixa;3.3;Cloud Security;Corrigida;2026-01-13;2026-02-10;Sistema_95;Alta;Homologação;Ativo;A0095;Dominio_12;Recife;false;false;false;0;28
V00509;A0196;Média;6.8;Veracode;Aberta;2026-03-07;;Sistema_196;Baixa;Desenvolvimento;Ativo;A0196;Dominio_5;Recife;false;false;;0;
V00510;A0139;Crítica;9.3;Cloud Security;Aberta;2026-08-16;;Sistema_139;Média;Desenvolvimento;Em desativação;A0139;Dominio_8;Curitiba;false;false;;0;
V00511;A0115;Alta;7.8;Qualys;Aceita;2026-03-28;;Sistema_115;Crítica;Produção;Ativo;A0115;Dominio_8;São Paulo;false;false;;0;
V00512;A0042;Baixa;3.5;Qualys;Corrigida;2026-08-17;2026-11-12;Sistema_42;Crítica;Desenvolvimento;Ativo;A0042;Dominio_7;São Paulo;false;false;true;0;
V00513;A0200;Alta;8.1;Cloud Security;Aceita;2026-07-28;;Sistema_200;Alta;Homologação;Ativo;A0200;Dominio_9;Curitiba;false;false;;0;
V00514;A0040;Baixa;2.2;Cloud Security;Aberta;2026-06-04;;Sistema_40;Média;Produção;Ativo;A0040;Dominio_5;Campinas;false;false;;0;
V00515;A0140;Baixa;2.8;Veracode;Em tratamento;2026-04-20;;Sistema_140;Baixa;Desenvolvimento;Ativo;A0140;Dominio_9;São Paulo;false;false;;0;
V00516;A0001;Média;5.8;Qualys;Aberta;2026-06-20;;Sistema_1;Crítica;Homologação;Em desativação;A0001;Dominio_2;São Paulo;false;false;;0;
V00517;A0142;Média;5.7;Qualys;Aceita;2026-06-05;;Sistema_142;Média;Homologação;Ativo;A0142;Dominio_11;Recife;false;false;;0;
V00518;A0042;Alta;8.4;Veracode;Aceita;2026-07-24;;Sistema_42;Crítica;Desenvolvimento;Ativo;A0042;Dominio_7;São Paulo;false;false;;0;
V00519;A0096;Alta;8.2;Cloud Security;Corrigida;2026-05-25;2026-08-09;Sistema_96;Baixa;Produção;Ativo;A0096;Dominio_1;São Paulo;false;false;false;0;76
V00520;A0037;Crítica;9.4;Qualys;Aberta;2026-03-20;;Sistema_37;Média;Homologação;Ativo;A0037;Dominio_2;São Paulo;false;false;;0;
V00521;A0034;Baixa;3.1;Qualys;Aceita;2026-01-13;;Sistema_34;Não Mapeado;Produção;Em desativação;A0034;Dominio_11;Curitiba;false;false;;0;
V00522;A0172;Alta;7.6;Qualys;Em tratamento;2026-02-25;;Sistema_172;Baixa;Homologação;Ativo;A0172;Dominio_5;Recife;false;false;;0;
V00523;A0096;Crítica;9.6;Pentest;Corrigida;2026-05-11;2026-05-28;Sistema_96;Baixa;Produção;Ativo;A0096;Dominio_1;São Paulo;false;false;false;0;17
V00524;A0082;Alta;7.6;Pentest;Aberta;2026-06-15;;Sistema_82;Média;Produção;Ativo;A0082;Dominio_11;São Paulo;false;false;;0;
V00525;A0142;Crítica;9.9;Cloud Security;Em tratamento;2026-03-31;;Sistema_142;Média;Homologação;Ativo;A0142;Dominio_11;Recife;false;false;;0;
V00526;A0150;Baixa;1.9;Veracode;Aberta;2026-08-05;;Sistema_150;Média;Homologação;Ativo;A0150;Dominio_7;Curitiba;false;false;;0;
V00527;A0004;Média;5.2;Qualys;Em tratamento;2026-09-14;;Sistema_4;Alta;Homologação;Ativo;A0004;Dominio_5;Campinas;false;false;;0;
V00528;A0040;Baixa;2.3;Cloud Security;Aberta;2026-05-24;;Sistema_40;Média;Produção;Ativo;A0040;Dominio_5;Campinas;false;false;;0;
V00529;A0154;Média;4.7;Pentest;Aberta;2026-05-10;;Sistema_154;Média;Desenvolvimento;Ativo;A0154;Dominio_11;Recife;false;false;;0;
V00530;A0027;Alta;7.9;Qualys;Aceita;2026-07-03;;Sistema_27;Baixa;Produção;Ativo;A0027;Dominio_4;Campinas;false;false;;0;
V00531;A0052;Média;6.1;Veracode;Em tratamento;2026-08-05;;Sistema_52;Alta;Produção;Ativo;A0052;Dominio_5;Recife;false;false;;0;
V00532;A0198;Alta;8.2;Veracode;Aceita;2026-06-07;;Sistema_198;Baixa;Desenvolvimento;Em desativação;A0198;Dominio_7;São Paulo;false;false;;0;
V00533;A0015;Média;4.8;Pentest;Aceita;2026-01-17;;Sistema_15;Média;Homologação;Ativo;A0015;Dominio_4;Recife;false;false;;0;
V00534;A0084;Alta;7.4;Veracode;Em tratamento;;;Sistema_84;Alta;Desenvolvimento;Em desativação;A0084;Dominio_1;Recife;false;true;;0;
V00535;A0176;Baixa;3.1;Veracode;Aceita;2026-03-28;;Sistema_176;Baixa;Produção;Ativo;A0176;Dominio_9;Curitiba;false;false;;0;
V00536;A0075;Crítica;9.0;Cloud Security;Em tratamento;2026-04-29;;Sistema_75;Baixa;Desenvolvimento;Ativo;A0075;Dominio_4;Campinas;false;false;;0;
V00537;A0018;Baixa;2.3;Veracode;Aceita;2026-06-02;;Sistema_18;Média;Produção;Ativo;A0018;Dominio_7;Recife;false;false;;0;
V00538;A0054;Média;6.8;Veracode;Em tratamento;2026-08-21;;Sistema_54;Baixa;Homologação;Ativo;A0054;Dominio_7;São Paulo;false;false;;0;
V00539;A0051;Baixa;0.9;Veracode;Aceita;2026-08-19;;Sistema_51;Média;Produção;Ativo;A0051;Dominio_4;Recife;false;false;;0;
V00540;A0025;Crítica;9.4;Veracode;Corrigida;2026-01-13;2026-03-26;Sistema_25;Média;Desenvolvimento;Ativo;A0025;Dominio_2;São Paulo;false;false;false;0;72
V00541;A0147;Baixa;1.7;Veracode;Aceita;2026-07-03;;Sistema_147;Média;Desenvolvimento;Ativo;A0147;Dominio_4;Campinas;false;false;;0;
V00542;A0193;Alta;8.2;Cloud Security;Corrigida;2026-01-08;2026-01-18;Sistema_193;Média;Produção;Em desativação;A0193;Dominio_2;Recife;false;false;false;0;10
V00543;A0013;Baixa;1.9;Qualys;Aceita;2026-03-31;;Sistema_13;Baixa;Não Mapeado;Ativo;A0013;Dominio_2;São Paulo;false;false;;0;
V00544;A0051;Alta;7.8;Pentest;Em tratamento;2026-04-06;;Sistema_51;Média;Produção;Ativo;A0051;Dominio_4;Recife;false;false;;0;
V00545;A0154;Baixa;3.2;Cloud Security;Aberta;2026-04-13;;Sistema_154;Média;Desenvolvimento;Ativo;A0154;Dominio_11;Recife;false;false;;0;
V00546;A0183;Média;5.7;Veracode;Em tratamento;2026-04-10;;Sistema_183;Média;Produção;Ativo;A0183;Dominio_4;Campinas;false;false;;0;
V00547;A0077;Alta;7.1;Cloud Security;Corrigida;2026-03-16;2026-03-19;Sistema_77;Alta;Produção;Ativo;A0077;Dominio_6;Curitiba;false;false;false;0;3
V00548;A0084;Média;5.8;Veracode;Aberta;2026-08-11;;Sistema_84;Alta;Desenvolvimento;Em desativação;A0084;Dominio_1;Recife;false;false;;0;
V00549;A0122;Média;4.9;Cloud Security;Corrigida;2026-05-20;2026-06-04;Sistema_122;Alta;Produção;Ativo;A0122;Dominio_3;Recife;false;false;false;0;15
V00550;A0126;Média;5.1;Veracode;Aceita;2026-06-13;;Sistema_126;Média;Produção;Ativo;A0126;Dominio_7;São Paulo;false;false;;0;
V00551;A0071;Média;4.4;Cloud Security;Em tratamento;2026-04-21;;Sistema_71;Média;Desenvolvimento;Ativo;A0071;Dominio_12;São Paulo;false;false;;0;
V00552;A0101;Alta;7.4;Cloud Security;Aceita;2026-06-14;;Sistema_101;Média;Desenvolvimento;Ativo;A0101;Dominio_6;Recife;false;false;;0;
V00553;A0018;Baixa;0.4;Veracode;Em tratamento;2026-02-05;;Sistema_18;Média;Produção;Ativo;A0018;Dominio_7;Recife;false;false;;0;
V00554;A0080;Alta;8.5;Veracode;Aceita;2026-03-23;;Sistema_80;Crítica;Produção;Ativo;A0080;Dominio_9;Recife;false;false;;0;
V00555;A0154;Crítica;9.5;Veracode;Em tratamento;2026-04-04;;Sistema_154;Média;Desenvolvimento;Ativo;A0154;Dominio_11;Recife;false;false;;0;
V00556;A0018;Baixa;1.5;Cloud Security;Aceita;2026-03-31;;Sistema_18;Média;Produção;Ativo;A0018;Dominio_7;Recife;false;false;;0;
V00557;A0189;Alta;8.8;Qualys;Em tratamento;2026-07-02;;Sistema_189;Alta;Homologação;Em desativação;A0189;Dominio_10;Curitiba;false;false;;0;
V00558;A0089;Média;5.4;Cloud Security;Aberta;2026-07-12;;Sistema_89;Média;Produção;Ativo;A0089;Dominio_6;Recife;false;false;;0;
V00559;A0139;Média;4.8;Qualys;Aberta;2026-06-19;;Sistema_139;Média;Desenvolvimento;Em desativação;A0139;Dominio_8;Curitiba;false;false;;0;
V00560;A0095;Baixa;0.2;Qualys;Aceita;2026-09-02;;Sistema_95;Alta;Homologação;Ativo;A0095;Dominio_12;Recife;false;false;;0;
V00561;A0195;Alta;7.3;Pentest;Aberta;2026-01-10;;Sistema_195;Alta;Produção;Ativo;A0195;Dominio_4;São Paulo;false;false;;0;
V00562;A0170;Alta;8.4;Cloud Security;Aceita;2026-09-10;;Sistema_170;Média;Produção;Ativo;A0170;Dominio_3;São Paulo;false;false;;0;
V00563;A0183;Média;5.1;Pentest;Corrigida;2026-01-23;2026-03-14;Sistema_183;Média;Produção;Ativo;A0183;Dominio_4;Campinas;false;false;false;0;50
V00564;A0011;Média;4.9;Pentest;Corrigida;2026-01-06;2026-08-01;Sistema_11;Baixa;Produção;Ativo;A0011;Dominio_12;Campinas;false;false;false;0;207
V00565;A0179;Crítica;9.9;Cloud Security;Aberta;2026-08-11;;Sistema_179;Baixa;Desenvolvimento;Em desativação;A0179;Dominio_12;Recife;false;false;;0;
V00566;A0065;Média;4.9;Qualys;Corrigida;2026-02-23;2026-04-29;Sistema_65;Média;Desenvolvimento;Ativo;A0065;Dominio_6;Recife;false;false;false;0;65
V00567;A0192;Baixa;2.9;Veracode;Em tratamento;2026-04-22;;Sistema_192;Baixa;Homologação;Em desativação;A0192;Dominio_1;Campinas;false;false;;0;
V00568;A0043;Alta;7.3;Cloud Security;Corrigida;;2026-03-21;Sistema_43;Alta;Produção;Ativo;A0043;Dominio_8;Curitiba;false;true;false;0;
V00569;A0181;Crítica;9.0;Cloud Security;Aberta;2026-06-04;;Sistema_181;Crítica;Produção;Em desativação;A0181;Dominio_2;Campinas;false;false;;0;
V00570;A0034;Baixa;3.4;Pentest;Em tratamento;2026-01-24;;Sistema_34;Não Mapeado;Produção;Em desativação;A0034;Dominio_11;Curitiba;false;false;;0;
V00571;A0132;Crítica;9.9;Pentest;Aberta;2026-02-25;;Sistema_132;Crítica;Desenvolvimento;Ativo;A0132;Dominio_1;Curitiba;false;false;;0;
V00572;A0026;Baixa;3.5;Qualys;Em tratamento;2026-01-16;;Sistema_26;Baixa;Produção;Ativo;A0026;Dominio_3;Recife;false;false;;0;
V00573;A0163;Alta;8.6;Qualys;Corrigida;2026-02-02;2026-03-15;Sistema_163;Crítica;Homologação;Em desativação;A0163;Dominio_8;Recife;false;false;false;0;41
V00574;A0078;Alta;8.1;Cloud Security;Em tratamento;2026-03-08;;Sistema_78;Crítica;Homologação;Ativo;A0078;Dominio_7;São Paulo;false;false;;0;
V00575;A0093;Baixa;1.2;Cloud Security;Aberta;2026-01-21;;Sistema_93;Alta;Produção;Ativo;A0093;Dominio_10;Curitiba;false;false;;0;
V00576;A0092;Baixa;0.2;Veracode;Aceita;2026-06-27;;Sistema_92;Alta;Homologação;Em desativação;A0092;Dominio_9;Curitiba;false;false;;0;
V00577;A0166;Média;4.9;Cloud Security;Aceita;2026-02-01;;Sistema_166;Média;Desenvolvimento;Ativo;A0166;Dominio_11;Curitiba;false;false;;0;
V00578;A0053;Média;6.3;Pentest;Em tratamento;2026-09-09;;Sistema_53;Baixa;Homologação;Ativo;A0053;Dominio_6;Campinas;false;false;;0;
V00579;A0027;Baixa;0.2;Veracode;Aberta;2026-07-20;;Sistema_27;Baixa;Produção;Ativo;A0027;Dominio_4;Campinas;false;false;;0;
V00580;A0057;Baixa;2.7;Veracode;Aceita;2026-03-22;;Sistema_57;Crítica;Homologação;Ativo;A0057;Dominio_10;Campinas;false;false;;0;
V00581;A0014;Alta;7.8;Pentest;Corrigida;2026-01-26;2026-04-08;Sistema_14;Crítica;Homologação;Ativo;A0014;Dominio_3;Campinas;false;false;false;0;72
V00582;A0198;Média;6.6;Qualys;Aberta;2026-05-07;;Sistema_198;Baixa;Desenvolvimento;Em desativação;A0198;Dominio_7;São Paulo;false;false;;0;
V00583;A0137;Baixa;0.4;Pentest;Corrigida;2026-09-09;2026-11-20;Sistema_137;Alta;Desenvolvimento;Ativo;A0137;Dominio_6;São Paulo;false;false;true;0;
V00584;A0195;Média;5.7;Cloud Security;Aberta;2026-03-11;;Sistema_195;Alta;Produção;Ativo;A0195;Dominio_4;São Paulo;false;false;;0;
V00585;A0154;Alta;7.9;Veracode;Aceita;2026-01-17;;Sistema_154;Média;Desenvolvimento;Ativo;A0154;Dominio_11;Recife;false;false;;0;
V00586;A0098;Média;6.5;Veracode;Corrigida;2026-05-09;2026-07-22;Sistema_98;Crítica;Homologação;Ativo;A0098;Dominio_3;Recife;false;false;false;0;74
V00587;A0133;Média;6.5;Pentest;Em tratamento;2026-03-08;;Sistema_133;Baixa;Desenvolvimento;Em desativação;A0133;Dominio_2;Curitiba;false;false;;0;
V00588;A0097;Média;6.7;Qualys;Aceita;2026-05-15;;Sistema_97;Crítica;Homologação;Ativo;A0097;Dominio_2;São Paulo;false;false;;0;
V00589;A0177;Média;5.1;Cloud Security;Aceita;2026-07-24;;Sistema_177;Crítica;Desenvolvimento;Ativo;A0177;Dominio_10;São Paulo;false;false;;0;
V00590;A0053;Média;6.4;Cloud Security;Corrigida;2026-08-23;2026-08-26;Sistema_53;Baixa;Homologação;Ativo;A0053;Dominio_6;Campinas;false;false;false;0;3
V00591;A0094;Alta;8.3;Veracode;Corrigida;2026-08-26;2026-10-06;Sistema_94;Média;Produção;Ativo;A0094;Dominio_11;São Paulo;false;false;true;0;
V00592;A0120;Alta;7.0;Veracode;Aberta;2026-02-28;;Sistema_120;Alta;Produção;Ativo;A0120;Dominio_1;São Paulo;false;false;;0;
V00593;A0035;Baixa;1.1;Pentest;Aberta;2026-01-13;;Sistema_35;Baixa;Produção;Em desativação;A0035;Dominio_12;Curitiba;false;false;;0;
V00594;A0177;Crítica;9.3;Pentest;Corrigida;2026-08-10;2026-09-03;Sistema_177;Crítica;Desenvolvimento;Ativo;A0177;Dominio_10;São Paulo;false;false;false;0;24
V00595;A0043;Alta;8.6;Qualys;Corrigida;2026-04-04;2026-05-20;Sistema_43;Alta;Produção;Ativo;A0043;Dominio_8;Curitiba;false;false;false;0;46
V00596;A0186;Crítica;9.5;Qualys;Aceita;2026-09-12;;Sistema_186;Média;Desenvolvimento;Ativo;A0186;Dominio_7;Campinas;false;false;;0;
V00597;A0041;Baixa;3.5;Qualys;Aceita;2026-01-13;;Sistema_41;Alta;Homologação;Em desativação;A0041;Dominio_6;Campinas;false;false;;0;
V00598;A0038;Média;5.5;Veracode;Aceita;2026-07-04;;Sistema_38;Média;Desenvolvimento;Ativo;A0038;Dominio_3;Curitiba;false;false;;0;
V00599;A0190;Alta;7.2;Veracode;Em tratamento;2026-08-31;;Sistema_190;Alta;Homologação;Ativo;A0190;Dominio_11;Curitiba;false;false;;0;
V00600;A0162;Baixa;1.2;Qualys;Corrigida;2026-04-16;2026-05-17;Sistema_162;Média;Produção;Em desativação;A0162;Dominio_7;Recife;false;false;false;0;31
V00601;A0132;Baixa;0.8;Pentest;Aberta;2026-09-10;;Sistema_132;Crítica;Desenvolvimento;Ativo;A0132;Dominio_1;Curitiba;false;false;;0;
V00602;A0078;Baixa;2.6;Pentest;Aceita;2026-08-13;;Sistema_78;Crítica;Homologação;Ativo;A0078;Dominio_7;São Paulo;false;false;;0;
V00603;A0001;Média;4.7;Veracode;Corrigida;2026-08-07;2026-10-24;Sistema_1;Crítica;Homologação;Em desativação;A0001;Dominio_2;São Paulo;false;false;true;0;
V00604;A0084;Alta;7.1;Qualys;Aberta;2026-01-14;;Sistema_84;Alta;Desenvolvimento;Em desativação;A0084;Dominio_1;Recife;false;false;;0;
V00605;A0029;Média;6.3;Cloud Security;Aceita;2026-02-11;;Sistema_29;Média;Produção;Em desativação;A0029;Dominio_6;Curitiba;false;false;;0;
V00606;A0004;Crítica;9.1;Cloud Security;Em tratamento;2026-01-12;;Sistema_4;Alta;Homologação;Ativo;A0004;Dominio_5;Campinas;false;false;;0;
V00607;A0124;Alta;7.3;Pentest;Em tratamento;2026-07-16;;Sistema_124;Baixa;Produção;Ativo;A0124;Dominio_5;São Paulo;false;false;;0;
V00608;A0070;Baixa;0.8;Pentest;Aberta;2026-01-11;;Sistema_70;Média;Homologação;Ativo;A0070;Dominio_11;Recife;false;false;;0;
V00609;A0098;Média;5.7;Veracode;Em tratamento;2026-03-23;;Sistema_98;Crítica;Homologação;Ativo;A0098;Dominio_3;Recife;false;false;;0;
V00610;A0052;Baixa;1.9;Veracode;Aberta;2026-07-08;;Sistema_52;Alta;Produção;Ativo;A0052;Dominio_5;Recife;false;false;;0;
V00611;A0189;Média;6.1;Cloud Security;Aceita;2026-06-07;;Sistema_189;Alta;Homologação;Em desativação;A0189;Dominio_10;Curitiba;false;false;;0;
V00612;A0092;Média;5.9;Qualys;Em tratamento;2026-04-07;;Sistema_92;Alta;Homologação;Em desativação;A0092;Dominio_9;Curitiba;false;false;;0;
V00613;A0122;Crítica;9.7;Cloud Security;Aberta;2026-08-06;;Sistema_122;Alta;Produção;Ativo;A0122;Dominio_3;Recife;false;false;;0;
V00614;A0094;Crítica;9.1;Pentest;Aceita;2026-05-12;;Sistema_94;Média;Produção;Ativo;A0094;Dominio_11;São Paulo;false;false;;0;
V00615;A0160;Alta;8.9;Veracode;Corrigida;2026-05-05;2026-07-01;Sistema_160;Média;Desenvolvimento;Ativo;A0160;Dominio_5;Recife;false;false;false;0;57
V00616;A0193;Média;6.2;Qualys;Em tratamento;2026-04-05;;Sistema_193;Média;Produção;Em desativação;A0193;Dominio_2;Recife;false;false;;0;
V00617;A0055;Crítica;9.6;Cloud Security;Aberta;2026-01-12;;Sistema_55;Crítica;Homologação;Ativo;A0055;Dominio_8;Campinas;false;false;;0;
V00618;A0152;Alta;7.3;Veracode;Aberta;2026-01-09;;Sistema_152;Crítica;Homologação;Em desativação;A0152;Dominio_9;Curitiba;false;false;;0;
V00619;A0067;Crítica;9.0;Qualys;Em tratamento;2026-01-23;;Sistema_67;Baixa;Homologação;Ativo;A0067;Dominio_8;Recife;false;false;;0;
V00620;A0042;Alta;8.7;Veracode;Aceita;2026-08-03;;Sistema_42;Crítica;Desenvolvimento;Ativo;A0042;Dominio_7;São Paulo;false;false;;0;
V00621;A0109;Média;5.8;Veracode;Aberta;2026-02-26;;Sistema_109;Baixa;Desenvolvimento;Ativo;A0109;Dominio_2;Curitiba;false;false;;0;
V00622;A0186;Média;5.3;Qualys;Em tratamento;2026-07-17;;Sistema_186;Média;Desenvolvimento;Ativo;A0186;Dominio_7;Campinas;false;false;;0;
V00623;A0125;Alta;8.1;Pentest;Em tratamento;;;Sistema_125;Média;Homologação;Em desativação;A0125;Dominio_6;Curitiba;false;true;;0;
V00624;A0180;Média;4.4;Qualys;Corrigida;2026-07-07;2026-07-31;Sistema_180;Baixa;Desenvolvimento;Em desativação;A0180;Dominio_1;São Paulo;false;false;false;0;24
V00625;A0014;Baixa;0.3;Qualys;Aberta;2026-09-08;;Sistema_14;Crítica;Homologação;Ativo;A0014;Dominio_3;Campinas;false;false;;0;
V00626;A0022;Média;4.0;Pentest;Aberta;2026-03-05;;Sistema_22;Baixa;Produção;Ativo;A0022;Dominio_11;São Paulo;false;false;;0;
V00627;A0159;Crítica;9.4;Pentest;Em tratamento;2026-05-06;;Sistema_159;Crítica;Homologação;Ativo;A0159;Dominio_4;Curitiba;false;false;;0;
V00628;A0186;Baixa;1.5;Qualys;Aceita;2026-06-01;;Sistema_186;Média;Desenvolvimento;Ativo;A0186;Dominio_7;Campinas;false;false;;0;
V00629;A0087;Baixa;3.4;Qualys;Corrigida;2026-09-16;2026-10-20;Sistema_87;Alta;Produção;Ativo;A0087;Dominio_4;Recife;false;false;true;0;
V00630;A0149;Baixa;0.7;Pentest;Em tratamento;2026-07-27;;Sistema_149;Crítica;Desenvolvimento;Em desativação;A0149;Dominio_6;São Paulo;false;false;;0;
V00631;A0026;Baixa;0.7;Qualys;Corrigida;2026-01-11;2026-03-16;Sistema_26;Baixa;Produção;Ativo;A0026;Dominio_3;Recife;false;false;false;0;64
V00632;A0175;Média;6.0;Veracode;Aberta;2026-06-25;;Sistema_175;Crítica;Homologação;Ativo;A0175;Dominio_8;São Paulo;false;false;;0;
V00633;A0150;Média;6.9;Pentest;Corrigida;2026-03-01;2026-03-28;Sistema_150;Média;Homologação;Ativo;A0150;Dominio_7;Curitiba;false;false;false;0;27
V00634;A0166;Média;5.3;Cloud Security;Aceita;2026-07-21;;Sistema_166;Média;Desenvolvimento;Ativo;A0166;Dominio_11;Curitiba;false;false;;0;
V00635;A0179;Alta;8.9;Qualys;Aceita;2026-03-27;;Sistema_179;Baixa;Desenvolvimento;Em desativação;A0179;Dominio_12;Recife;false;false;;0;
V00636;A0160;Média;6.9;Qualys;Em tratamento;2026-07-02;;Sistema_160;Média;Desenvolvimento;Ativo;A0160;Dominio_5;Recife;false;false;;0;
V00637;A0075;Alta;8.1;Pentest;Aceita;2026-07-16;;Sistema_75;Baixa;Desenvolvimento;Ativo;A0075;Dominio_4;Campinas;false;false;;0;
V00638;A0085;Crítica;9.2;Veracode;Aberta;2026-09-03;;Sistema_85;Baixa;Produção;Ativo;A0085;Dominio_2;Recife;false;false;;0;
V00639;A0004;Alta;8.8;Veracode;Em tratamento;;;Sistema_4;Alta;Homologação;Ativo;A0004;Dominio_5;Campinas;false;true;;0;
V00640;A0109;Baixa;2.1;Veracode;Aberta;2026-03-02;;Sistema_109;Baixa;Desenvolvimento;Ativo;A0109;Dominio_2;Curitiba;false;false;;0;
V00641;A0069;Média;5.6;Pentest;Aceita;2026-07-22;;Sistema_69;Crítica;Homologação;Ativo;A0069;Dominio_10;Curitiba;false;false;;0;
V00642;A0121;Baixa;2.1;Cloud Security;Aceita;2026-07-16;;Sistema_121;Crítica;Homologação;Ativo;A0121;Dominio_2;Recife;false;false;;0;
V00643;A0016;Alta;7.0;Cloud Security;Aberta;2026-07-06;;Sistema_16;Baixa;Homologação;Ativo;A0016;Dominio_5;Campinas;false;false;;0;
V00644;A0161;Baixa;3.8;Qualys;Aceita;2026-05-06;;Sistema_161;Crítica;Homologação;Em desativação;A0161;Dominio_6;Recife;false;false;;0;
V00645;A0103;Alta;8.8;Veracode;Aceita;2026-07-05;;Sistema_103;Alta;Homologação;Ativo;A0103;Dominio_8;Curitiba;false;false;;0;
V00646;A0175;Média;6.2;Veracode;Aceita;2026-05-22;;Sistema_175;Crítica;Homologação;Ativo;A0175;Dominio_8;São Paulo;false;false;;0;
V00647;A0086;Baixa;2.4;Veracode;Aceita;2026-05-06;;Sistema_86;Média;Produção;Ativo;A0086;Dominio_3;Recife;false;false;;0;
V00648;A0157;Crítica;10.0;Qualys;Em tratamento;2026-04-19;;Sistema_157;Alta;Desenvolvimento;Ativo;A0157;Dominio_2;Recife;false;false;;0;
V00649;A0077;Baixa;0.9;Qualys;Aberta;2026-05-08;;Sistema_77;Alta;Produção;Ativo;A0077;Dominio_6;Curitiba;false;false;;0;
V00650;A0086;Alta;8.0;Pentest;Em tratamento;2026-03-20;;Sistema_86;Média;Produção;Ativo;A0086;Dominio_3;Recife;false;false;;0;
V00651;A0179;Alta;8.7;Cloud Security;Aceita;2026-02-18;;Sistema_179;Baixa;Desenvolvimento;Em desativação;A0179;Dominio_12;Recife;false;false;;0;
V00652;A0164;Média;5.8;Cloud Security;Aberta;2026-07-21;;Sistema_164;Crítica;Produção;Ativo;A0164;Dominio_9;São Paulo;false;false;;0;
V00653;A0194;Baixa;2.5;Qualys;Em tratamento;2026-06-25;;Sistema_194;Crítica;Desenvolvimento;Em desativação;A0194;Dominio_3;Campinas;false;false;;0;
V00654;A0010;Alta;8.6;Qualys;Aceita;2026-09-13;;Sistema_10;Baixa;Produção;Ativo;A0010;Dominio_11;Campinas;false;false;;0;
V00655;A0120;Crítica;9.0;Cloud Security;Aberta;2026-06-23;;Sistema_120;Alta;Produção;Ativo;A0120;Dominio_1;São Paulo;false;false;;0;
V00656;A0131;Média;6.1;Qualys;Aberta;2026-08-01;;Sistema_131;Baixa;Produção;Ativo;A0131;Dominio_12;Curitiba;false;false;;0;
V00657;A0176;Alta;7.5;Pentest;Corrigida;2026-03-19;2026-06-13;Sistema_176;Baixa;Produção;Ativo;A0176;Dominio_9;Curitiba;false;false;false;0;86
V00658;A0009;Alta;8.4;Pentest;Aberta;2026-03-20;;Sistema_9;Baixa;Desenvolvimento;Ativo;A0009;Dominio_10;Recife;false;false;;0;
V00659;A0138;Média;4.9;Veracode;Aberta;2026-08-20;;Sistema_138;Baixa;Desenvolvimento;Em desativação;A0138;Dominio_7;Recife;false;false;;0;
V00660;A0125;Baixa;2.8;Cloud Security;Corrigida;2026-08-30;2026-10-25;Sistema_125;Média;Homologação;Em desativação;A0125;Dominio_6;Curitiba;false;false;true;0;
V00661;A0149;Média;5.5;Qualys;Corrigida;2026-04-29;2026-05-19;Sistema_149;Crítica;Desenvolvimento;Em desativação;A0149;Dominio_6;São Paulo;false;false;false;0;20
V00662;A0057;Baixa;1.2;Qualys;Aceita;2026-04-17;;Sistema_57;Crítica;Homologação;Ativo;A0057;Dominio_10;Campinas;false;false;;0;
V00663;A0058;Baixa;2.7;Cloud Security;Aceita;2026-07-25;;Sistema_58;Baixa;Homologação;Ativo;A0058;Dominio_11;Recife;false;false;;0;
V00664;A0053;Baixa;0.8;Cloud Security;Aceita;2026-01-16;;Sistema_53;Baixa;Homologação;Ativo;A0053;Dominio_6;Campinas;false;false;;0;
V00665;A0043;Crítica;9.7;Pentest;Em tratamento;2026-03-06;;Sistema_43;Alta;Produção;Ativo;A0043;Dominio_8;Curitiba;false;false;;0;
V00666;A0140;Média;6.5;Veracode;Corrigida;2026-06-09;2026-08-05;Sistema_140;Baixa;Desenvolvimento;Ativo;A0140;Dominio_9;São Paulo;false;false;false;0;57
V00667;A0072;Alta;7.3;Pentest;Aceita;2026-03-22;;Sistema_72;Baixa;Desenvolvimento;Ativo;A0072;Dominio_1;Campinas;false;false;;0;
V00668;A0152;Alta;7.4;Qualys;Em tratamento;2026-09-08;;Sistema_152;Crítica;Homologação;Em desativação;A0152;Dominio_9;Curitiba;false;false;;0;
V00669;A0031;Baixa;2.2;Veracode;Aberta;2026-05-27;;Sistema_31;Alta;Desenvolvimento;Ativo;A0031;Dominio_8;São Paulo;false;false;;0;
V00670;A0010;Alta;7.7;Veracode;Aceita;2026-02-07;;Sistema_10;Baixa;Produção;Ativo;A0010;Dominio_11;Campinas;false;false;;0;
V00671;A0027;Média;6.5;Cloud Security;Em tratamento;2026-08-29;;Sistema_27;Baixa;Produção;Ativo;A0027;Dominio_4;Campinas;false;false;;0;
V00672;A0173;Alta;7.7;Pentest;Aceita;2026-06-17;;Sistema_173;Alta;Produção;Ativo;A0173;Dominio_6;Campinas;false;false;;0;
V00673;A0034;Média;4.9;Cloud Security;Corrigida;2026-05-12;2026-06-11;Sistema_34;Não Mapeado;Produção;Em desativação;A0034;Dominio_11;Curitiba;false;false;false;0;30
V00674;A0098;Alta;7.6;Pentest;Em tratamento;2026-01-29;;Sistema_98;Crítica;Homologação;Ativo;A0098;Dominio_3;Recife;false;false;;0;
V00675;A0163;Crítica;9.0;Veracode;Aberta;2026-03-05;;Sistema_163;Crítica;Homologação;Em desativação;A0163;Dominio_8;Recife;false;false;;0;
V00676;A0159;Baixa;3.1;Veracode;Aberta;2026-04-07;;Sistema_159;Crítica;Homologação;Ativo;A0159;Dominio_4;Curitiba;false;false;;0;
V00677;A0054;Crítica;9.4;Pentest;Em tratamento;2026-04-03;;Sistema_54;Baixa;Homologação;Ativo;A0054;Dominio_7;São Paulo;false;false;;0;
V00678;A0183;Alta;8.7;Cloud Security;Aceita;2026-01-04;;Sistema_183;Média;Produção;Ativo;A0183;Dominio_4;Campinas;false;false;;0;
V00679;A0074;Média;6.5;Qualys;Aberta;2026-04-29;;Sistema_74;Baixa;Produção;Em desativação;A0074;Dominio_3;São Paulo;false;false;;0;
V00680;A0081;Média;4.4;Qualys;Em tratamento;2026-06-26;;Sistema_81;Alta;Homologação;Ativo;A0081;Dominio_10;São Paulo;false;false;;0;
V00681;A0008;Alta;8.1;Qualys;Aberta;2026-05-05;;Sistema_8;Alta;Produção;Ativo;A0008;Dominio_9;São Paulo;false;false;;0;
V00682;A0021;Baixa;1.4;Pentest;Em tratamento;2026-05-13;;Sistema_21;Baixa;Produção;Ativo;A0021;Dominio_10;São Paulo;false;false;;0;
V00683;A0146;Baixa;1.3;Cloud Security;Aceita;2026-03-10;;Sistema_146;Crítica;Homologação;Em desativação;A0146;Dominio_3;Campinas;false;false;;0;
V00684;A0020;Média;6.5;Pentest;Aberta;2026-01-01;;Sistema_20;Alta;Produção;Em desativação;A0020;Dominio_9;Recife;false;false;;0;
V00685;A0158;Baixa;3.5;Pentest;Aberta;2026-05-05;;Sistema_158;Alta;Desenvolvimento;Em desativação;A0158;Dominio_3;Curitiba;false;false;;0;
V00686;A0057;Baixa;1.2;Veracode;Corrigida;2026-04-16;2026-05-08;Sistema_57;Crítica;Homologação;Ativo;A0057;Dominio_10;Campinas;false;false;false;0;22
V00687;A0120;Crítica;10.0;Veracode;Aceita;2026-08-20;;Sistema_120;Alta;Produção;Ativo;A0120;Dominio_1;São Paulo;false;false;;0;
V00688;A0060;Baixa;2.6;Veracode;Aberta;2026-05-19;;Sistema_60;Média;Não Mapeado;Ativo;A0060;Dominio_1;Curitiba;false;false;;0;
V00689;A0010;Baixa;3.0;Cloud Security;Corrigida;2026-04-26;2026-05-15;Sistema_10;Baixa;Produção;Ativo;A0010;Dominio_11;Campinas;false;false;false;0;19
V00690;A0137;Baixa;2.1;Cloud Security;Corrigida;2026-01-11;2026-03-01;Sistema_137;Alta;Desenvolvimento;Ativo;A0137;Dominio_6;São Paulo;false;false;false;0;49
V00691;A0145;Crítica;9.7;Veracode;Corrigida;2026-07-05;2026-09-17;Sistema_145;Baixa;Desenvolvimento;Em desativação;A0145;Dominio_2;Curitiba;false;false;false;0;74
V00692;A0181;Baixa;1.1;Qualys;Em tratamento;2026-08-14;;Sistema_181;Crítica;Produção;Em desativação;A0181;Dominio_2;Campinas;false;false;;0;
V00693;A0145;Baixa;0.3;Veracode;Em tratamento;2026-03-18;;Sistema_145;Baixa;Desenvolvimento;Em desativação;A0145;Dominio_2;Curitiba;false;false;;0;
V00694;A0020;Média;4.5;Pentest;Em tratamento;2026-04-30;;Sistema_20;Alta;Produção;Em desativação;A0020;Dominio_9;Recife;false;false;;0;
V00695;A0123;Baixa;3.3;Cloud Security;Aberta;2026-04-01;;Sistema_123;Baixa;Produção;Ativo;A0123;Dominio_4;Curitiba;false;false;;0;
V00696;A0198;Baixa;3.8;Veracode;Em tratamento;2026-06-01;;Sistema_198;Baixa;Desenvolvimento;Em desativação;A0198;Dominio_7;São Paulo;false;false;;0;
V00697;A0152;Baixa;3.1;Veracode;Em tratamento;2026-06-20;;Sistema_152;Crítica;Homologação;Em desativação;A0152;Dominio_9;Curitiba;false;false;;0;
V00698;A0067;Média;5.4;Qualys;Aceita;2026-07-22;;Sistema_67;Baixa;Homologação;Ativo;A0067;Dominio_8;Recife;false;false;;0;
V00699;A0178;Baixa;2.0;Qualys;Aberta;2026-08-22;;Sistema_178;Alta;Produção;Ativo;A0178;Dominio_11;São Paulo;false;false;;0;
V00700;A0149;Alta;7.0;Cloud Security;Aberta;2026-03-11;;Sistema_149;Crítica;Desenvolvimento;Em desativação;A0149;Dominio_6;São Paulo;false;false;;0;
V00701;A0134;Média;5.7;Veracode;Aberta;2026-09-07;;Sistema_134;Baixa;Desenvolvimento;Ativo;A0134;Dominio_3;Campinas;false;false;;0;
V00702;A0001;Alta;7.8;Qualys;Em tratamento;2026-05-05;;Sistema_1;Crítica;Homologação;Em desativação;A0001;Dominio_2;São Paulo;false;false;;0;
V00703;A0189;Baixa;1.0;Qualys;Corrigida;2026-06-04;2026-08-30;Sistema_189;Alta;Homologação;Em desativação;A0189;Dominio_10;Curitiba;false;false;false;0;87
V00704;A0001;Alta;7.7;Pentest;Corrigida;2026-08-11;2026-10-11;Sistema_1;Crítica;Homologação;Em desativação;A0001;Dominio_2;São Paulo;false;false;true;0;
V00705;A0020;Média;4.2;Pentest;Em tratamento;2026-05-14;;Sistema_20;Alta;Produção;Em desativação;A0020;Dominio_9;Recife;false;false;;0;
V00706;A0199;Média;4.0;Veracode;Em tratamento;2026-01-16;;Sistema_199;Crítica;Homologação;Ativo;A0199;Dominio_8;Recife;false;false;;0;
V00707;A0156;Crítica;9.6;Qualys;Corrigida;2026-08-30;2026-11-12;Sistema_156;Média;Produção;Ativo;A0156;Dominio_1;Curitiba;false;false;true;0;
V00708;A0186;Alta;8.2;Veracode;Corrigida;2026-07-23;2026-09-02;Sistema_186;Média;Desenvolvimento;Ativo;A0186;Dominio_7;Campinas;false;false;false;0;41
V00709;A0001;Alta;7.5;Cloud Security;Aceita;2026-01-27;;Sistema_1;Crítica;Homologação;Em desativação;A0001;Dominio_2;São Paulo;false;false;;0;
V00710;A0080;Alta;8.8;Qualys;Aceita;;;Sistema_80;Crítica;Produção;Ativo;A0080;Dominio_9;Recife;false;true;;0;
V00711;A0118;Baixa;2.3;Pentest;Corrigida;2026-09-14;2026-10-16;Sistema_118;Baixa;Produção;Ativo;A0118;Dominio_11;Campinas;false;false;true;0;
V00712;A0011;Média;5.1;Qualys;Corrigida;;2026-06-13;Sistema_11;Baixa;Produção;Ativo;A0011;Dominio_12;Campinas;false;true;false;0;
V00713;A0121;Média;5.1;Pentest;Corrigida;2026-05-26;2026-07-11;Sistema_121;Crítica;Homologação;Ativo;A0121;Dominio_2;Recife;false;false;false;0;46
V00714;A0031;Média;5.8;Veracode;Corrigida;2026-04-19;2026-07-07;Sistema_31;Alta;Desenvolvimento;Ativo;A0031;Dominio_8;São Paulo;false;false;false;0;79
V00715;A0149;Média;5.2;Cloud Security;Corrigida;2026-04-30;2026-05-27;Sistema_149;Crítica;Desenvolvimento;Em desativação;A0149;Dominio_6;São Paulo;false;false;false;0;27
V00716;A0063;Alta;8.1;Veracode;Corrigida;2026-04-17;2026-05-29;Sistema_63;Alta;Homologação;Ativo;A0063;Dominio_4;Campinas;false;false;false;0;42
V00717;A0130;Baixa;2.3;Cloud Security;Aberta;2026-07-26;;Sistema_130;Baixa;Produção;Ativo;A0130;Dominio_11;Recife;false;false;;0;
V00718;A0195;Média;5.2;Veracode;Corrigida;2026-04-25;2026-04-28;Sistema_195;Alta;Produção;Ativo;A0195;Dominio_4;São Paulo;false;false;false;0;3
V00719;A0042;Média;5.8;Veracode;Aceita;2026-01-06;;Sistema_42;Crítica;Desenvolvimento;Ativo;A0042;Dominio_7;São Paulo;false;false;;0;
V00720;A0156;Baixa;2.1;Pentest;Em tratamento;2026-03-21;;Sistema_156;Média;Produção;Ativo;A0156;Dominio_1;Curitiba;false;false;;0;
V00721;A0182;Média;4.7;Cloud Security;Corrigida;2026-03-28;2026-05-27;Sistema_182;Baixa;Desenvolvimento;Ativo;A0182;Dominio_3;Campinas;false;false;false;0;60
V00722;A0149;Média;6.0;Qualys;Aceita;2026-04-27;;Sistema_149;Crítica;Desenvolvimento;Em desativação;A0149;Dominio_6;São Paulo;false;false;;0;
V00723;A0142;Baixa;0.5;Cloud Security;Corrigida;2026-09-08;2026-11-01;Sistema_142;Média;Homologação;Ativo;A0142;Dominio_11;Recife;false;false;true;0;
V00724;A0074;Baixa;1.5;Pentest;Corrigida;2026-02-14;2026-05-15;Sistema_74;Baixa;Produção;Em desativação;A0074;Dominio_3;São Paulo;false;false;false;0;90
V00725;A0001;Crítica;9.0;Veracode;Aberta;2026-08-02;;Sistema_1;Crítica;Homologação;Em desativação;A0001;Dominio_2;São Paulo;false;false;;0;
V00726;A0081;Média;6.4;Qualys;Em tratamento;2026-01-04;;Sistema_81;Alta;Homologação;Ativo;A0081;Dominio_10;São Paulo;false;false;;0;
V00727;A0059;Baixa;0.1;Pentest;Aberta;2026-08-30;;Sistema_59;Alta;Desenvolvimento;Ativo;A0059;Dominio_12;Recife;false;false;;0;
V00728;A0177;Baixa;2.1;Cloud Security;Corrigida;2026-03-04;2026-03-30;Sistema_177;Crítica;Desenvolvimento;Ativo;A0177;Dominio_10;São Paulo;false;false;false;0;26
V00729;A0178;Crítica;9.0;Veracode;Em tratamento;2026-06-24;;Sistema_178;Alta;Produção;Ativo;A0178;Dominio_11;São Paulo;false;false;;0;
V00730;A0049;Média;4.8;Pentest;Corrigida;2026-08-25;2026-10-26;Sistema_49;Baixa;Homologação;Ativo;A0049;Dominio_2;São Paulo;false;false;true;0;
V00731;A0007;Baixa;3.0;Pentest;Aberta;2026-09-06;;Sistema_7;Baixa;Produção;Ativo;A0007;Dominio_8;São Paulo;false;false;;0;
V00732;A0153;Média;4.0;Pentest;Corrigida;2026-05-23;2026-08-11;Sistema_153;Média;Desenvolvimento;Ativo;A0153;Dominio_10;Recife;false;false;false;0;80
V00733;A0100;Baixa;1.9;Cloud Security;Aberta;2026-05-17;;Sistema_100;Alta;Produção;Ativo;A0100;Dominio_5;São Paulo;false;false;;0;
V00734;A0156;Média;6.5;Cloud Security;Aceita;2026-07-02;;Sistema_156;Média;Produção;Ativo;A0156;Dominio_1;Curitiba;false;false;;0;
V00735;A0034;Alta;7.1;Qualys;Aceita;2026-07-06;;Sistema_34;Não Mapeado;Produção;Em desativação;A0034;Dominio_11;Curitiba;false;false;;0;
V00736;A0082;Média;5.4;Pentest;Corrigida;2026-03-11;2026-06-08;Sistema_82;Média;Produção;Ativo;A0082;Dominio_11;São Paulo;false;false;false;0;89
V00737;A0023;Baixa;3.7;Pentest;Em tratamento;2026-03-07;;Sistema_23;Média;Desenvolvimento;Em desativação;A0023;Dominio_12;Campinas;false;false;;0;
V00738;A0125;Baixa;1.0;Veracode;Corrigida;2026-04-16;2026-07-01;Sistema_125;Média;Homologação;Em desativação;A0125;Dominio_6;Curitiba;false;false;false;0;76
V00739;A0129;Média;6.4;Qualys;Aberta;2026-03-09;;Sistema_129;Alta;Homologação;Ativo;A0129;Dominio_10;Campinas;false;false;;0;
V00740;A0048;Média;4.0;Veracode;Aceita;2026-06-16;;Sistema_48;Baixa;Produção;Ativo;A0048;Dominio_1;Curitiba;false;false;;0;
V00741;A0148;Baixa;3.4;Cloud Security;Aceita;2026-01-26;;Sistema_148;Alta;Produção;Ativo;A0148;Dominio_5;São Paulo;false;false;;0;
V00742;A0021;Alta;7.5;Pentest;Em tratamento;2026-06-17;;Sistema_21;Baixa;Produção;Ativo;A0021;Dominio_10;São Paulo;false;false;;0;
V00743;A0057;Baixa;3.3;Pentest;Em tratamento;2026-01-26;;Sistema_57;Crítica;Homologação;Ativo;A0057;Dominio_10;Campinas;false;false;;0;
V00744;A0164;Crítica;9.7;Qualys;Aberta;2026-06-10;;Sistema_164;Crítica;Produção;Ativo;A0164;Dominio_9;São Paulo;false;false;;0;
V00745;A0115;Baixa;0.7;Cloud Security;Aberta;2026-05-10;;Sistema_115;Crítica;Produção;Ativo;A0115;Dominio_8;São Paulo;false;false;;0;
V00746;A0050;Média;6.7;Cloud Security;Em tratamento;2026-02-24;;Sistema_50;Média;Homologação;Em desativação;A0050;Dominio_3;Campinas;false;false;;0;
V00747;A0124;Média;5.3;Veracode;Aberta;2026-02-26;;Sistema_124;Baixa;Produção;Ativo;A0124;Dominio_5;São Paulo;false;false;;0;
V00748;A0098;Média;5.8;Cloud Security;Aceita;2026-01-12;;Sistema_98;Crítica;Homologação;Ativo;A0098;Dominio_3;Recife;false;false;;0;
V00749;A0143;Média;4.4;Qualys;Aceita;2026-04-02;;Sistema_143;Média;Homologação;Ativo;A0143;Dominio_12;Curitiba;false;false;;0;
V00750;A0139;Crítica;9.5;Veracode;Em tratamento;2026-01-29;;Sistema_139;Média;Desenvolvimento;Em desativação;A0139;Dominio_8;Curitiba;false;false;;0;
V00751;A0022;Baixa;1.2;Pentest;Aceita;2026-06-09;;Sistema_22;Baixa;Produção;Ativo;A0022;Dominio_11;São Paulo;false;false;;0;
V00752;A0011;Crítica;9.9;Cloud Security;Aberta;2026-06-23;;Sistema_11;Baixa;Produção;Ativo;A0011;Dominio_12;Campinas;false;false;;0;
V00753;A0155;Baixa;1.8;Qualys;Corrigida;2026-07-20;2026-08-12;Sistema_155;Alta;Produção;Ativo;A0155;Dominio_12;São Paulo;false;false;false;0;23
V00754;A0064;Baixa;3.6;Veracode;Aberta;2026-08-08;;Sistema_64;Crítica;Homologação;Ativo;A0064;Dominio_5;Campinas;false;false;;0;
V00755;A0139;Crítica;9.3;Qualys;Aceita;2026-07-28;;Sistema_139;Média;Desenvolvimento;Em desativação;A0139;Dominio_8;Curitiba;false;false;;0;
V00756;A0048;Média;6.5;Cloud Security;Em tratamento;2026-01-12;;Sistema_48;Baixa;Produção;Ativo;A0048;Dominio_1;Curitiba;false;false;;0;
V00757;A0200;Crítica;9.7;Pentest;Aceita;2026-06-22;;Sistema_200;Alta;Homologação;Ativo;A0200;Dominio_9;Curitiba;false;false;;0;
V00758;A0177;Baixa;2.7;Qualys;Aceita;2026-05-11;;Sistema_177;Crítica;Desenvolvimento;Ativo;A0177;Dominio_10;São Paulo;false;false;;0;
V00759;A0072;Baixa;1.0;Veracode;Aberta;2026-01-02;;Sistema_72;Baixa;Desenvolvimento;Ativo;A0072;Dominio_1;Campinas;false;false;;0;
V00760;A0137;Alta;8.2;Cloud Security;Em tratamento;2026-06-07;;Sistema_137;Alta;Desenvolvimento;Ativo;A0137;Dominio_6;São Paulo;false;false;;0;
V00761;A0192;Alta;7.4;Cloud Security;Aceita;2026-07-12;;Sistema_192;Baixa;Homologação;Em desativação;A0192;Dominio_1;Campinas;false;false;;0;
V00762;A0034;Alta;7.4;Qualys;Em tratamento;2026-01-21;;Sistema_34;Não Mapeado;Produção;Em desativação;A0034;Dominio_11;Curitiba;false;false;;0;
V00763;A0190;Baixa;1.5;Cloud Security;Em tratamento;2026-03-11;;Sistema_190;Alta;Homologação;Ativo;A0190;Dominio_11;Curitiba;false;false;;0;
V00764;A0191;Baixa;0.5;Veracode;Corrigida;2026-02-15;2026-03-21;Sistema_191;Baixa;Homologação;Em desativação;A0191;Dominio_12;Campinas;false;false;false;0;34
V00765;A0082;Baixa;1.8;Qualys;Corrigida;2026-04-05;2026-05-18;Sistema_82;Média;Produção;Ativo;A0082;Dominio_11;São Paulo;false;false;false;0;43
V00766;A0021;Média;4.1;Pentest;Corrigida;2026-04-05;2026-06-17;Sistema_21;Baixa;Produção;Ativo;A0021;Dominio_10;São Paulo;false;false;false;0;73
V00767;A0119;Média;4.1;Pentest;Aceita;2026-01-27;;Sistema_119;Média;Homologação;Em desativação;A0119;Dominio_12;Campinas;false;false;;0;
V00768;A0161;Alta;8.7;Veracode;Em tratamento;2026-01-19;;Sistema_161;Crítica;Homologação;Em desativação;A0161;Dominio_6;Recife;false;false;;0;
V00769;A0172;Média;6.7;Veracode;Aberta;2026-08-09;;Sistema_172;Baixa;Homologação;Ativo;A0172;Dominio_5;Recife;false;false;;0;
V00770;A0170;Crítica;9.2;Cloud Security;Aberta;2026-08-28;;Sistema_170;Média;Produção;Ativo;A0170;Dominio_3;São Paulo;false;false;;0;
V00771;A0085;Baixa;0.2;Qualys;Corrigida;2026-08-24;2026-11-17;Sistema_85;Baixa;Produção;Ativo;A0085;Dominio_2;Recife;false;false;true;0;
V00772;A0063;Média;5.8;Veracode;Aberta;2026-03-17;;Sistema_63;Alta;Homologação;Ativo;A0063;Dominio_4;Campinas;false;false;;0;
V00773;A0067;Alta;7.8;Veracode;Aceita;2026-05-31;;Sistema_67;Baixa;Homologação;Ativo;A0067;Dominio_8;Recife;false;false;;0;
V00774;A0050;Alta;7.2;Cloud Security;Aberta;2026-08-11;;Sistema_50;Média;Homologação;Em desativação;A0050;Dominio_3;Campinas;false;false;;0;
V00775;A0151;Média;4.7;Veracode;Corrigida;2026-07-06;2026-08-27;Sistema_151;Crítica;Produção;Ativo;A0151;Dominio_8;Recife;false;false;false;0;52
V00776;A0188;Alta;8.9;Cloud Security;Corrigida;2026-07-23;2026-08-11;Sistema_188;Crítica;Desenvolvimento;Ativo;A0188;Dominio_9;Recife;false;false;false;0;19
V00777;A0184;Baixa;2.9;Qualys;Corrigida;2026-08-14;2026-10-03;Sistema_184;Crítica;Produção;Em desativação;A0184;Dominio_5;Recife;false;false;false;0;50
V00778;A0046;Alta;8.1;Veracode;Aceita;2026-07-27;;Sistema_46;Baixa;Homologação;Ativo;A0046;Dominio_11;Recife;false;false;;0;
V00779;A0017;Média;4.1;Qualys;Aceita;2026-03-05;;Sistema_17;Não Mapeado;Produção;Ativo;A0017;Dominio_6;Campinas;false;false;;0;
V00780;A0038;Baixa;0.1;Veracode;Aberta;2026-07-16;;Sistema_38;Média;Desenvolvimento;Ativo;A0038;Dominio_3;Curitiba;false;false;;0;
V00781;A0134;Média;6.3;Veracode;Aberta;;;Sistema_134;Baixa;Desenvolvimento;Ativo;A0134;Dominio_3;Campinas;false;true;;0;
V00782;A0134;Média;5.2;Pentest;Aceita;2026-06-28;;Sistema_134;Baixa;Desenvolvimento;Ativo;A0134;Dominio_3;Campinas;false;false;;0;
V00783;A0187;Média;6.8;Cloud Security;Aberta;2026-03-23;;Sistema_187;Não Mapeado;Homologação;Ativo;A0187;Dominio_8;Campinas;false;false;;0;
V00784;A0086;Baixa;1.1;Pentest;Aberta;2026-07-13;;Sistema_86;Média;Produção;Ativo;A0086;Dominio_3;Recife;false;false;;0;
V00785;A0068;Baixa;1.1;Veracode;Aceita;2026-05-30;;Sistema_68;Baixa;Desenvolvimento;Ativo;A0068;Dominio_9;Curitiba;false;false;;0;
V00786;A0119;Baixa;3.2;Cloud Security;Corrigida;2026-07-21;2026-10-17;Sistema_119;Média;Homologação;Em desativação;A0119;Dominio_12;Campinas;false;false;true;0;
V00787;A0086;Baixa;2.8;Qualys;Corrigida;2026-07-09;2026-08-09;Sistema_86;Média;Produção;Ativo;A0086;Dominio_3;Recife;false;false;false;0;31
V00788;A0183;Média;5.5;Qualys;Aceita;2026-06-30;;Sistema_183;Média;Produção;Ativo;A0183;Dominio_4;Campinas;false;false;;0;
V00789;A0179;Baixa;0.6;Cloud Security;Em tratamento;2026-02-10;;Sistema_179;Baixa;Desenvolvimento;Em desativação;A0179;Dominio_12;Recife;false;false;;0;
V00790;A0151;Crítica;9.5;Veracode;Em tratamento;2026-03-21;;Sistema_151;Crítica;Produção;Ativo;A0151;Dominio_8;Recife;false;false;;0;
V00791;A0086;Crítica;9.3;Pentest;Aberta;2026-06-21;;Sistema_86;Média;Produção;Ativo;A0086;Dominio_3;Recife;false;false;;0;
V00792;A0107;Média;5.1;Veracode;Corrigida;2026-01-23;2026-04-19;Sistema_107;Média;Desenvolvimento;Ativo;A0107;Dominio_12;São Paulo;false;false;false;0;86
V00793;A0185;Média;6.7;Cloud Security;Corrigida;2026-01-31;2026-04-13;Sistema_185;Média;Produção;Ativo;A0185;Dominio_6;Curitiba;false;false;false;0;72
V00794;A0032;Baixa;1.0;Cloud Security;Aceita;2026-05-27;;Sistema_32;Baixa;Desenvolvimento;Ativo;A0032;Dominio_9;Campinas;false;false;;0;
V00795;A0014;Crítica;10.0;Pentest;Corrigida;2026-02-09;2026-02-11;Sistema_14;Crítica;Homologação;Ativo;A0014;Dominio_3;Campinas;false;false;false;0;2
V00796;A0052;Crítica;9.2;Pentest;Corrigida;2026-02-22;2026-03-12;Sistema_52;Alta;Produção;Ativo;A0052;Dominio_5;Recife;false;false;false;0;18
V00797;A0097;Alta;8.1;Qualys;Aceita;2026-01-02;;Sistema_97;Crítica;Homologação;Ativo;A0097;Dominio_2;São Paulo;false;false;;0;
V00798;A0070;Baixa;3.5;Cloud Security;Em tratamento;2026-03-06;;Sistema_70;Média;Homologação;Ativo;A0070;Dominio_11;Recife;false;false;;0;
V00799;A0093;Baixa;0.4;Pentest;Aceita;2026-02-03;;Sistema_93;Alta;Produção;Ativo;A0093;Dominio_10;Curitiba;false;false;;0;
V00800;A0033;Crítica;9.1;Pentest;Corrigida;2026-03-22;2026-04-30;Sistema_33;Média;Homologação;Ativo;A0033;Dominio_10;Campinas;false;false;false;0;39
V00801;A0106;Alta;8.6;Pentest;Corrigida;;2026-09-26;Sistema_106;Crítica;Desenvolvimento;Ativo;A0106;Dominio_11;Campinas;false;true;false;0;
V00802;A0056;Média;6.3;Pentest;Aberta;2026-02-15;;Sistema_56;Baixa;Produção;Ativo;A0056;Dominio_9;Recife;false;false;;0;
V00803;A0135;Crítica;9.9;Pentest;Corrigida;2026-09-14;2026-10-17;Sistema_135;Alta;Produção;Ativo;A0135;Dominio_4;Recife;false;false;true;0;
V00804;A0113;Baixa;2.4;Qualys;Aberta;2026-05-11;;Sistema_113;Baixa;Produção;Ativo;A0113;Dominio_6;Campinas;false;false;;0;
V00805;A0191;Alta;8.5;Veracode;Corrigida;2026-08-20;2026-11-17;Sistema_191;Baixa;Homologação;Em desativação;A0191;Dominio_12;Campinas;false;false;true;0;
V00806;A0161;Média;6.2;Pentest;Corrigida;2026-03-03;2026-03-21;Sistema_161;Crítica;Homologação;Em desativação;A0161;Dominio_6;Recife;false;false;false;0;18
V00807;A0106;Média;5.3;Cloud Security;Aceita;2026-07-19;;Sistema_106;Crítica;Desenvolvimento;Ativo;A0106;Dominio_11;Campinas;false;false;;0;
V00808;A0072;Crítica;9.1;Cloud Security;Em tratamento;2026-08-10;;Sistema_72;Baixa;Desenvolvimento;Ativo;A0072;Dominio_1;Campinas;false;false;;0;
V00809;A0075;Média;5.1;Cloud Security;Em tratamento;2026-03-26;;Sistema_75;Baixa;Desenvolvimento;Ativo;A0075;Dominio_4;Campinas;false;false;;0;
V00810;A0197;Média;6.9;Pentest;Aceita;2026-01-03;;Sistema_197;Alta;Homologação;Ativo;A0197;Dominio_6;Curitiba;false;false;;0;
V00811;A0151;Alta;8.7;Pentest;Aberta;2026-07-09;;Sistema_151;Crítica;Produção;Ativo;A0151;Dominio_8;Recife;false;false;;0;
V00812;A0193;Baixa;0.1;Qualys;Em tratamento;2026-01-11;;Sistema_193;Média;Produção;Em desativação;A0193;Dominio_2;Recife;false;false;;0;
V00813;A0182;Baixa;2.1;Veracode;Aceita;2026-05-10;;Sistema_182;Baixa;Desenvolvimento;Ativo;A0182;Dominio_3;Campinas;false;false;;0;
V00814;A0045;Crítica;9.3;Veracode;Aberta;2026-01-10;;Sistema_45;Média;Desenvolvimento;Ativo;A0045;Dominio_10;Curitiba;false;false;;0;
V00815;A0055;Baixa;0.2;Qualys;Corrigida;2026-04-10;2026-05-07;Sistema_55;Crítica;Homologação;Ativo;A0055;Dominio_8;Campinas;false;false;false;0;27
V00816;A0027;Alta;7.0;Veracode;Aberta;2026-06-26;;Sistema_27;Baixa;Produção;Ativo;A0027;Dominio_4;Campinas;false;false;;0;
V00817;A0139;Crítica;9.5;Cloud Security;Aceita;2026-05-11;;Sistema_139;Média;Desenvolvimento;Em desativação;A0139;Dominio_8;Curitiba;false;false;;0;
V00818;A0164;Média;5.2;Pentest;Aceita;2026-06-12;;Sistema_164;Crítica;Produção;Ativo;A0164;Dominio_9;São Paulo;false;false;;0;
V00819;A0161;Baixa;0.9;Pentest;Corrigida;2026-07-30;2026-08-07;Sistema_161;Crítica;Homologação;Em desativação;A0161;Dominio_6;Recife;false;false;false;0;8
V00820;A0032;Baixa;0.6;Cloud Security;Corrigida;2026-01-03;2026-03-06;Sistema_32;Baixa;Desenvolvimento;Ativo;A0032;Dominio_9;Campinas;false;false;false;0;62
V00821;A0007;Baixa;3.2;Qualys;Em tratamento;2026-05-19;;Sistema_7;Baixa;Produção;Ativo;A0007;Dominio_8;São Paulo;false;false;;0;
V00822;A0152;Baixa;1.6;Qualys;Aceita;2026-05-04;;Sistema_152;Crítica;Homologação;Em desativação;A0152;Dominio_9;Curitiba;false;false;;0;
V00823;A0118;Crítica;9.3;Pentest;Corrigida;2026-08-18;2026-09-29;Sistema_118;Baixa;Produção;Ativo;A0118;Dominio_11;Campinas;false;false;false;0;42
V00824;A0143;Alta;8.8;Pentest;Aceita;2026-09-01;;Sistema_143;Média;Homologação;Ativo;A0143;Dominio_12;Curitiba;false;false;;0;
V00825;A0104;Baixa;1.6;Pentest;Corrigida;2026-08-25;2026-09-06;Sistema_104;Crítica;Desenvolvimento;Em desativação;A0104;Dominio_9;Campinas;false;false;false;0;12
V00826;A0014;Média;5.3;Pentest;Aberta;2026-05-10;;Sistema_14;Crítica;Homologação;Ativo;A0014;Dominio_3;Campinas;false;false;;0;
V00827;A0125;Baixa;3.3;Qualys;Em tratamento;2026-01-22;;Sistema_125;Média;Homologação;Em desativação;A0125;Dominio_6;Curitiba;false;false;;0;
V00828;A0179;Crítica;9.6;Veracode;Em tratamento;2026-06-21;;Sistema_179;Baixa;Desenvolvimento;Em desativação;A0179;Dominio_12;Recife;false;false;;0;
V00829;A0163;Baixa;0.3;Pentest;Aberta;2026-08-26;;Sistema_163;Crítica;Homologação;Em desativação;A0163;Dominio_8;Recife;false;false;;0;
V00830;A0173;Baixa;3.3;Cloud Security;Em tratamento;2026-07-25;;Sistema_173;Alta;Produção;Ativo;A0173;Dominio_6;Campinas;false;false;;0;
V00831;A0168;Crítica;9.2;Pentest;Aceita;2026-08-21;;Sistema_168;Baixa;Homologação;Ativo;A0168;Dominio_1;São Paulo;false;false;;0;
V00832;A0071;Baixa;1.0;Qualys;Corrigida;2026-06-01;2026-08-04;Sistema_71;Média;Desenvolvimento;Ativo;A0071;Dominio_12;São Paulo;false;false;false;0;64
V00833;A0173;Média;4.2;Pentest;Aberta;2026-05-18;;Sistema_173;Alta;Produção;Ativo;A0173;Dominio_6;Campinas;false;false;;0;
V00834;A0180;Média;6.1;Pentest;Aberta;2026-05-07;;Sistema_180;Baixa;Desenvolvimento;Em desativação;A0180;Dominio_1;São Paulo;false;false;;0;
V00835;A0004;Média;5.7;Qualys;Aberta;2026-01-05;;Sistema_4;Alta;Homologação;Ativo;A0004;Dominio_5;Campinas;false;false;;0;
V00836;A0135;Média;5.8;Cloud Security;Em tratamento;2026-01-08;;Sistema_135;Alta;Produção;Ativo;A0135;Dominio_4;Recife;false;false;;0;
V00837;A0062;Alta;7.1;Cloud Security;Aberta;2026-01-19;;Sistema_62;Baixa;Desenvolvimento;Em desativação;A0062;Dominio_3;São Paulo;false;false;;0;
V00838;A0128;Baixa;0.7;Qualys;Em tratamento;2026-08-23;;Sistema_128;Média;Homologação;Ativo;A0128;Dominio_9;Campinas;false;false;;0;
V00839;A0080;Alta;8.6;Cloud Security;Corrigida;2026-07-12;2026-07-31;Sistema_80;Crítica;Produção;Ativo;A0080;Dominio_9;Recife;false;false;false;0;19
V00840;A0026;Baixa;2.5;Pentest;Aberta;2026-05-11;;Sistema_26;Baixa;Produção;Ativo;A0026;Dominio_3;Recife;false;false;;0;
V00841;A0057;Baixa;0.5;Cloud Security;Corrigida;2026-05-27;2026-08-11;Sistema_57;Crítica;Homologação;Ativo;A0057;Dominio_10;Campinas;false;false;false;0;76
V00842;A0196;Média;4.2;Qualys;Corrigida;2026-05-28;2026-06-23;Sistema_196;Baixa;Desenvolvimento;Ativo;A0196;Dominio_5;Recife;false;false;false;0;26
V00843;A0044;Baixa;0.9;Cloud Security;Em tratamento;2026-07-18;;Sistema_44;Alta;Produção;Ativo;A0044;Dominio_9;Campinas;false;false;;0;
V00844;A0017;Alta;8.5;Cloud Security;Corrigida;2026-09-01;2026-11-27;Sistema_17;Não Mapeado;Produção;Ativo;A0017;Dominio_6;Campinas;false;false;true;0;
V00845;A0090;Média;4.1;Veracode;Aberta;2026-07-19;;Sistema_90;Crítica;Desenvolvimento;Ativo;A0090;Dominio_7;São Paulo;false;false;;0;
V00846;A0133;Baixa;3.3;Pentest;Em tratamento;2026-03-28;;Sistema_133;Baixa;Desenvolvimento;Em desativação;A0133;Dominio_2;Curitiba;false;false;;0;
V00847;A0002;Baixa;3.3;Veracode;Aberta;2026-05-19;;Sistema_2;Média;Produção;Em desativação;A0002;Dominio_3;São Paulo;false;false;;0;
V00848;A0013;Média;4.0;Veracode;Corrigida;2026-03-24;2026-03-31;Sistema_13;Baixa;Não Mapeado;Ativo;A0013;Dominio_2;São Paulo;false;false;false;0;7
V00849;A0079;Baixa;2.0;Qualys;Em tratamento;2026-01-08;;Sistema_79;Baixa;Desenvolvimento;Ativo;A0079;Dominio_8;Campinas;false;false;;0;
V00850;A0094;Alta;8.6;Qualys;Em tratamento;2026-02-28;;Sistema_94;Média;Produção;Ativo;A0094;Dominio_11;São Paulo;false;false;;0;
V00851;A0077;Baixa;2.5;Veracode;Aceita;2026-08-07;;Sistema_77;Alta;Produção;Ativo;A0077;Dominio_6;Curitiba;false;false;;0;
V00852;A0180;Baixa;3.5;Cloud Security;Aberta;;;Sistema_180;Baixa;Desenvolvimento;Em desativação;A0180;Dominio_1;São Paulo;false;true;;0;
V00853;A0021;Baixa;3.8;Qualys;Aberta;2026-05-22;;Sistema_21;Baixa;Produção;Ativo;A0021;Dominio_10;São Paulo;false;false;;0;
V00854;A0153;Crítica;9.4;Pentest;Corrigida;2026-08-12;2026-10-31;Sistema_153;Média;Desenvolvimento;Ativo;A0153;Dominio_10;Recife;false;false;true;0;
V00855;A0043;Média;6.8;Qualys;Aberta;2026-05-21;;Sistema_43;Alta;Produção;Ativo;A0043;Dominio_8;Curitiba;false;false;;0;
V00856;A0048;Baixa;2.6;Veracode;Aceita;2026-03-18;;Sistema_48;Baixa;Produção;Ativo;A0048;Dominio_1;Curitiba;false;false;;0;
V00857;A0020;Média;4.9;Veracode;Em tratamento;2026-05-21;;Sistema_20;Alta;Produção;Em desativação;A0020;Dominio_9;Recife;false;false;;0;
V00858;A0023;Baixa;1.2;Cloud Security;Em tratamento;2026-06-17;;Sistema_23;Média;Desenvolvimento;Em desativação;A0023;Dominio_12;Campinas;false;false;;0;
V00859;A0139;Baixa;3.6;Veracode;Aceita;2026-08-07;;Sistema_139;Média;Desenvolvimento;Em desativação;A0139;Dominio_8;Curitiba;false;false;;0;
V00860;A0046;Baixa;3.8;Cloud Security;Corrigida;2026-09-02;2026-11-08;Sistema_46;Baixa;Homologação;Ativo;A0046;Dominio_11;Recife;false;false;true;0;
V00861;A0068;Baixa;1.3;Qualys;Aceita;2026-09-17;;Sistema_68;Baixa;Desenvolvimento;Ativo;A0068;Dominio_9;Curitiba;false;false;;0;
V00862;A0083;Crítica;10.0;Veracode;Em tratamento;2026-03-28;;Sistema_83;Alta;Homologação;Em desativação;A0083;Dominio_12;Curitiba;false;false;;0;
V00863;A0067;Média;6.3;Pentest;Em tratamento;2026-07-27;;Sistema_67;Baixa;Homologação;Ativo;A0067;Dominio_8;Recife;false;false;;0;
V00864;A0007;Média;4.6;Qualys;Aceita;2026-04-09;;Sistema_7;Baixa;Produção;Ativo;A0007;Dominio_8;São Paulo;false;false;;0;
V00865;A0193;Média;6.0;Qualys;Corrigida;2026-05-09;2026-06-23;Sistema_193;Média;Produção;Em desativação;A0193;Dominio_2;Recife;false;false;false;0;45
V00866;A0018;Baixa;2.3;Qualys;Em tratamento;2026-05-11;;Sistema_18;Média;Produção;Ativo;A0018;Dominio_7;Recife;false;false;;0;
V00867;A0042;Baixa;3.6;Pentest;Aberta;2026-07-26;;Sistema_42;Crítica;Desenvolvimento;Ativo;A0042;Dominio_7;São Paulo;false;false;;0;
V00868;A0120;Crítica;9.6;Cloud Security;Corrigida;2026-08-12;2026-11-08;Sistema_120;Alta;Produção;Ativo;A0120;Dominio_1;São Paulo;false;false;true;0;
V00869;A0050;Média;6.6;Cloud Security;Aceita;2026-05-10;;Sistema_50;Média;Homologação;Em desativação;A0050;Dominio_3;Campinas;false;false;;0;
V00870;A0181;Alta;7.5;Veracode;Corrigida;2026-08-31;2026-10-01;Sistema_181;Crítica;Produção;Em desativação;A0181;Dominio_2;Campinas;false;false;false;0;31
V00871;A0185;Baixa;0.8;Pentest;Em tratamento;2026-05-28;;Sistema_185;Média;Produção;Ativo;A0185;Dominio_6;Curitiba;false;false;;0;
V00872;A0145;Média;4.3;Pentest;Corrigida;2026-09-09;2026-09-14;Sistema_145;Baixa;Desenvolvimento;Em desativação;A0145;Dominio_2;Curitiba;false;false;false;0;5
V00873;A0102;Alta;8.8;Qualys;Aberta;2026-09-06;;Sistema_102;Crítica;Produção;Ativo;A0102;Dominio_7;São Paulo;false;false;;0;
V00874;A0150;Baixa;2.5;Pentest;Aberta;2026-06-16;;Sistema_150;Média;Homologação;Ativo;A0150;Dominio_7;Curitiba;false;false;;0;
V00875;A0026;Média;6.3;Cloud Security;Corrigida;2026-03-27;2026-05-30;Sistema_26;Baixa;Produção;Ativo;A0026;Dominio_3;Recife;false;false;false;0;64
V00876;A0158;Alta;8.0;Qualys;Aceita;2026-09-13;;Sistema_158;Alta;Desenvolvimento;Em desativação;A0158;Dominio_3;Curitiba;false;false;;0;
V00877;A0039;Alta;8.0;Cloud Security;Aceita;2026-08-18;;Sistema_39;Crítica;Desenvolvimento;Ativo;A0039;Dominio_4;Campinas;false;false;;0;
V00878;A0127;Baixa;2.4;Pentest;Em tratamento;2026-06-18;;Sistema_127;Baixa;Homologação;Ativo;A0127;Dominio_8;São Paulo;false;false;;0;
V00879;A0116;Média;5.1;Cloud Security;Em tratamento;2026-05-31;;Sistema_116;Crítica;Produção;Ativo;A0116;Dominio_9;Campinas;false;false;;0;
V00880;A0064;Alta;8.5;Veracode;Corrigida;2026-03-12;2026-04-07;Sistema_64;Crítica;Homologação;Ativo;A0064;Dominio_5;Campinas;false;false;false;0;26
V00881;A0197;Média;5.3;Cloud Security;Aberta;2026-07-11;;Sistema_197;Alta;Homologação;Ativo;A0197;Dominio_6;Curitiba;false;false;;0;
V00882;A0021;Média;4.6;Veracode;Aceita;2026-07-30;;Sistema_21;Baixa;Produção;Ativo;A0021;Dominio_10;São Paulo;false;false;;0;
V00883;A0068;Baixa;3.9;Qualys;Em tratamento;2026-08-03;;Sistema_68;Baixa;Desenvolvimento;Ativo;A0068;Dominio_9;Curitiba;false;false;;0;
V00884;A0114;Baixa;1.3;Veracode;Em tratamento;2026-01-16;;Sistema_114;Alta;Produção;Ativo;A0114;Dominio_7;Campinas;false;false;;0;
V00885;A0028;Média;6.6;Veracode;Aberta;2026-05-20;;Sistema_28;Baixa;Produção;Em desativação;A0028;Dominio_5;Campinas;false;false;;0;
V00886;A0127;Média;6.5;Cloud Security;Corrigida;2026-07-02;2026-09-02;Sistema_127;Baixa;Homologação;Ativo;A0127;Dominio_8;São Paulo;false;false;false;0;62
V00887;A0075;Média;5.9;Veracode;Aceita;2026-01-09;;Sistema_75;Baixa;Desenvolvimento;Ativo;A0075;Dominio_4;Campinas;false;false;;0;
V00888;A0170;Média;6.4;Qualys;Em tratamento;2026-01-11;;Sistema_170;Média;Produção;Ativo;A0170;Dominio_3;São Paulo;false;false;;0;
V00889;A0111;Crítica;9.8;Qualys;Aceita;2026-05-02;;Sistema_111;Crítica;Produção;Ativo;A0111;Dominio_4;Curitiba;false;false;;0;
V00890;A0024;Baixa;0.4;Cloud Security;Em tratamento;;;Sistema_24;Baixa;Produção;Ativo;A0024;Dominio_1;São Paulo;false;true;;0;
V00891;A0139;Média;4.4;Veracode;Aceita;2026-09-09;;Sistema_139;Média;Desenvolvimento;Em desativação;A0139;Dominio_8;Curitiba;false;false;;0;
V00892;A0135;Média;5.8;Pentest;Aberta;2026-06-01;;Sistema_135;Alta;Produção;Ativo;A0135;Dominio_4;Recife;false;false;;0;
V00893;A0130;Baixa;1.5;Veracode;Aberta;2026-02-20;;Sistema_130;Baixa;Produção;Ativo;A0130;Dominio_11;Recife;false;false;;0;
V00894;A0040;Baixa;0.7;Pentest;Corrigida;2026-08-28;2026-10-24;Sistema_40;Média;Produção;Ativo;A0040;Dominio_5;Campinas;false;false;true;0;
V00895;A0104;Crítica;9.4;Pentest;Aceita;2026-04-07;;Sistema_104;Crítica;Desenvolvimento;Em desativação;A0104;Dominio_9;Campinas;false;false;;0;
V00896;A0138;Alta;8.7;Pentest;Em tratamento;2026-02-11;;Sistema_138;Baixa;Desenvolvimento;Em desativação;A0138;Dominio_7;Recife;false;false;;0;
V00897;A0174;Crítica;9.7;Qualys;Aberta;2026-08-14;;Sistema_174;Média;Desenvolvimento;Em desativação;A0174;Dominio_7;Recife;false;false;;0;
V00898;A0189;Baixa;1.8;Qualys;Aberta;2026-09-14;;Sistema_189;Alta;Homologação;Em desativação;A0189;Dominio_10;Curitiba;false;false;;0;
V00899;A0163;Média;6.4;Qualys;Corrigida;2026-03-01;2026-05-13;Sistema_163;Crítica;Homologação;Em desativação;A0163;Dominio_8;Recife;false;false;false;0;73
V00900;A0064;Baixa;0.8;Veracode;Corrigida;2026-08-31;2026-09-15;Sistema_64;Crítica;Homologação;Ativo;A0064;Dominio_5;Campinas;false;false;false;0;15
V00902;A0083;Baixa;3.6;Qualys;Aberta;2026-01-24;;Sistema_83;Alta;Homologação;Em desativação;A0083;Dominio_12;Curitiba;false;false;;0;
V00903;A0069;Baixa;1.5;Qualys;Corrigida;2026-09-16;2026-11-09;Sistema_69;Crítica;Homologação;Ativo;A0069;Dominio_10;Curitiba;false;false;true;0;
V00904;A0008;Alta;7.2;Veracode;Corrigida;2026-01-07;2026-02-05;Sistema_8;Alta;Produção;Ativo;A0008;Dominio_9;São Paulo;false;false;false;0;29
V00905;A0120;Baixa;0.5;Veracode;Aberta;2026-01-04;;Sistema_120;Alta;Produção;Ativo;A0120;Dominio_1;São Paulo;false;false;;0;
V00906;A0162;Média;6.9;Pentest;Aceita;2026-04-02;;Sistema_162;Média;Produção;Em desativação;A0162;Dominio_7;Recife;false;false;;0;
V00907;A0166;Alta;8.1;Pentest;Aberta;2026-08-08;;Sistema_166;Média;Desenvolvimento;Ativo;A0166;Dominio_11;Curitiba;false;false;;0;
V00908;A0087;Alta;8.9;Pentest;Aberta;2026-02-15;;Sistema_87;Alta;Produção;Ativo;A0087;Dominio_4;Recife;false;false;;0;
V00909;A0174;Média;4.8;Veracode;Aceita;2026-07-22;;Sistema_174;Média;Desenvolvimento;Em desativação;A0174;Dominio_7;Recife;false;false;;0;
V00910;A0156;Crítica;9.9;Qualys;Aberta;2026-06-16;;Sistema_156;Média;Produção;Ativo;A0156;Dominio_1;Curitiba;false;false;;0;
V00911;A0053;Alta;7.7;Veracode;Corrigida;2026-08-29;2026-10-14;Sistema_53;Baixa;Homologação;Ativo;A0053;Dominio_6;Campinas;false;false;true;0;
V00912;A0187;Média;5.0;Qualys;Aberta;2026-01-11;;Sistema_187;Não Mapeado;Homologação;Ativo;A0187;Dominio_8;Campinas;false;false;;0;
V00913;A0134;Média;6.7;Pentest;Aberta;2026-01-04;;Sistema_134;Baixa;Desenvolvimento;Ativo;A0134;Dominio_3;Campinas;false;false;;0;
V00914;A0059;Média;4.3;Qualys;Aceita;2026-03-03;;Sistema_59;Alta;Desenvolvimento;Ativo;A0059;Dominio_12;Recife;false;false;;0;
V00915;A0038;Crítica;9.8;Cloud Security;Em tratamento;2026-03-31;;Sistema_38;Média;Desenvolvimento;Ativo;A0038;Dominio_3;Curitiba;false;false;;0;
V00916;A0109;Baixa;3.9;Pentest;Em tratamento;2026-07-13;;Sistema_109;Baixa;Desenvolvimento;Ativo;A0109;Dominio_2;Curitiba;false;false;;0;
V00917;A0139;Média;5.2;Veracode;Corrigida;2026-03-30;2026-06-13;Sistema_139;Média;Desenvolvimento;Em desativação;A0139;Dominio_8;Curitiba;false;false;false;0;75
V00918;A0142;Média;6.5;Veracode;Em tratamento;2026-06-26;;Sistema_142;Média;Homologação;Ativo;A0142;Dominio_11;Recife;false;false;;0;
V00919;A0161;Crítica;9.1;Qualys;Em tratamento;2026-08-05;;Sistema_161;Crítica;Homologação;Em desativação;A0161;Dominio_6;Recife;false;false;;0;
V00920;A0051;Baixa;1.4;Pentest;Aceita;2026-08-28;;Sistema_51;Média;Produção;Ativo;A0051;Dominio_4;Recife;false;false;;0;
V00921;A0153;Média;5.8;Veracode;Aberta;2026-04-21;;Sistema_153;Média;Desenvolvimento;Ativo;A0153;Dominio_10;Recife;false;false;;0;
V00922;A0124;Alta;7.7;Cloud Security;Corrigida;2026-05-26;2026-07-24;Sistema_124;Baixa;Produção;Ativo;A0124;Dominio_5;São Paulo;false;false;false;0;59
V00923;A0057;Média;5.9;Cloud Security;Aberta;;;Sistema_57;Crítica;Homologação;Ativo;A0057;Dominio_10;Campinas;false;true;;0;
V00924;A0023;Média;4.6;Pentest;Aberta;2026-04-27;;Sistema_23;Média;Desenvolvimento;Em desativação;A0023;Dominio_12;Campinas;false;false;;0;
V00925;A0160;Média;6.3;Veracode;Aceita;2026-01-08;;Sistema_160;Média;Desenvolvimento;Ativo;A0160;Dominio_5;Recife;false;false;;0;
V00926;A0132;Média;6.3;Pentest;Corrigida;2026-01-08;2026-03-26;Sistema_132;Crítica;Desenvolvimento;Ativo;A0132;Dominio_1;Curitiba;false;false;false;0;77
V00927;A0110;Baixa;1.4;Cloud Security;Aceita;2026-04-28;;Sistema_110;Baixa;Produção;Em desativação;A0110;Dominio_3;Curitiba;false;false;;0;
V00928;A0082;Média;4.9;Cloud Security;Aberta;2026-05-05;;Sistema_82;Média;Produção;Ativo;A0082;Dominio_11;São Paulo;false;false;;0;
V00929;A0161;Média;6.7;Veracode;Aceita;2026-06-15;;Sistema_161;Crítica;Homologação;Em desativação;A0161;Dominio_6;Recife;false;false;;0;
V00930;A0013;Crítica;9.9;Pentest;Em tratamento;2026-04-09;;Sistema_13;Baixa;Não Mapeado;Ativo;A0013;Dominio_2;São Paulo;false;false;;0;
V00931;A0023;Média;4.7;Pentest;Corrigida;2026-06-14;2026-08-17;Sistema_23;Média;Desenvolvimento;Em desativação;A0023;Dominio_12;Campinas;false;false;false;0;64
V00932;A0170;Média;5.8;Pentest;Aberta;2026-08-15;;Sistema_170;Média;Produção;Ativo;A0170;Dominio_3;São Paulo;false;false;;0;
V00933;A0165;Baixa;1.6;Cloud Security;Aberta;2026-06-04;;Sistema_165;Média;Homologação;Em desativação;A0165;Dominio_10;Curitiba;false;false;;0;
V00934;A0070;Baixa;0.8;Cloud Security;Aceita;2026-03-07;;Sistema_70;Média;Homologação;Ativo;A0070;Dominio_11;Recife;false;false;;0;
V00935;A0026;Média;6.9;Cloud Security;Aceita;2026-06-07;;Sistema_26;Baixa;Produção;Ativo;A0026;Dominio_3;Recife;false;false;;0;
V00936;A0014;Baixa;2.1;Cloud Security;Corrigida;2026-05-24;2026-07-03;Sistema_14;Crítica;Homologação;Ativo;A0014;Dominio_3;Campinas;false;false;false;0;40
V00937;A0133;Alta;8.5;Qualys;Em tratamento;2026-02-02;;Sistema_133;Baixa;Desenvolvimento;Em desativação;A0133;Dominio_2;Curitiba;false;false;;0;
V00938;A0123;Baixa;2.3;Cloud Security;Aceita;2026-05-30;;Sistema_123;Baixa;Produção;Ativo;A0123;Dominio_4;Curitiba;false;false;;0;
V00939;A0079;Alta;8.7;Pentest;Corrigida;2026-08-17;2026-10-19;Sistema_79;Baixa;Desenvolvimento;Ativo;A0079;Dominio_8;Campinas;false;false;true;0;
V00940;A0089;Média;6.9;Veracode;Aberta;2026-04-17;;Sistema_89;Média;Produção;Ativo;A0089;Dominio_6;Recife;false;false;;0;
V00941;A0150;Crítica;9.7;Veracode;Corrigida;2026-05-01;2026-07-29;Sistema_150;Média;Homologação;Ativo;A0150;Dominio_7;Curitiba;false;false;false;0;89
V00942;A0167;Baixa;2.6;Cloud Security;Corrigida;2026-08-10;2026-10-07;Sistema_167;Alta;Produção;Ativo;A0167;Dominio_12;Recife;false;false;true;0;
V00943;A0123;Média;5.9;Pentest;Corrigida;2026-08-25;2026-09-20;Sistema_123;Baixa;Produção;Ativo;A0123;Dominio_4;Curitiba;false;false;false;0;26
V00944;A0200;Média;5.7;Pentest;Corrigida;2026-01-04;2026-04-03;Sistema_200;Alta;Homologação;Ativo;A0200;Dominio_9;Curitiba;false;false;false;0;89
V00945;A0013;Baixa;1.8;Pentest;Em tratamento;2026-09-04;;Sistema_13;Baixa;Não Mapeado;Ativo;A0013;Dominio_2;São Paulo;false;false;;0;
V00946;A0017;Baixa;2.6;Veracode;Em tratamento;2026-05-28;;Sistema_17;Não Mapeado;Produção;Ativo;A0017;Dominio_6;Campinas;false;false;;0;
V00947;A0083;Crítica;9.7;Qualys;Em tratamento;2026-09-07;;Sistema_83;Alta;Homologação;Em desativação;A0083;Dominio_12;Curitiba;false;false;;0;
V00948;A0031;Baixa;2.1;Veracode;Aberta;2026-04-23;;Sistema_31;Alta;Desenvolvimento;Ativo;A0031;Dominio_8;São Paulo;false;false;;0;
V00949;A0003;Alta;7.8;Veracode;Corrigida;2026-07-18;2026-08-09;Sistema_3;Média;Homologação;Ativo;A0003;Dominio_4;São Paulo;false;false;false;0;22
V00950;A0142;Crítica;9.8;Cloud Security;Corrigida;2026-07-25;2026-08-27;Sistema_142;Média;Homologação;Ativo;A0142;Dominio_11;Recife;false;false;false;0;33
V00951;A0116;Média;4.2;Cloud Security;Aberta;2026-07-26;;Sistema_116;Crítica;Produção;Ativo;A0116;Dominio_9;Campinas;false;false;;0;
V00952;A0011;Média;5.7;Cloud Security;Corrigida;2026-07-02;2026-07-27;Sistema_11;Baixa;Produção;Ativo;A0011;Dominio_12;Campinas;false;false;false;0;25
V00953;A0184;Média;6.2;Qualys;Em tratamento;2026-01-13;;Sistema_184;Crítica;Produção;Em desativação;A0184;Dominio_5;Recife;false;false;;0;
V00954;A0026;Média;4.7;Cloud Security;Em tratamento;2026-04-17;;Sistema_26;Baixa;Produção;Ativo;A0026;Dominio_3;Recife;false;false;;0;
V00955;A0016;Média;6.4;Pentest;Aberta;2026-01-08;;Sistema_16;Baixa;Homologação;Ativo;A0016;Dominio_5;Campinas;false;false;;0;
V00956;A0012;Média;5.9;Qualys;Aceita;2026-05-25;;Sistema_12;Baixa;Desenvolvimento;Em desativação;A0012;Dominio_1;Recife;false;false;;0;
V00957;A0196;Baixa;0.5;Cloud Security;Em tratamento;2026-07-18;;Sistema_196;Baixa;Desenvolvimento;Ativo;A0196;Dominio_5;Recife;false;false;;0;
V00958;A0081;Crítica;9.0;Pentest;Aceita;2026-01-23;;Sistema_81;Alta;Homologação;Ativo;A0081;Dominio_10;São Paulo;false;false;;0;
V00959;A0053;Baixa;0.8;Qualys;Aceita;2026-04-10;;Sistema_53;Baixa;Homologação;Ativo;A0053;Dominio_6;Campinas;false;false;;0;
V00960;A0068;Alta;8.9;Cloud Security;Aceita;2026-01-07;;Sistema_68;Baixa;Desenvolvimento;Ativo;A0068;Dominio_9;Curitiba;false;false;;0;
V00961;A0083;Média;6.3;Pentest;Aberta;2026-09-04;;Sistema_83;Alta;Homologação;Em desativação;A0083;Dominio_12;Curitiba;false;false;;0;
V00962;A0041;Baixa;1.5;Cloud Security;Corrigida;2026-04-18;2026-05-09;Sistema_41;Alta;Homologação;Em desativação;A0041;Dominio_6;Campinas;false;false;false;0;21
V00963;A0199;Média;4.2;Cloud Security;Em tratamento;2026-02-19;;Sistema_199;Crítica;Homologação;Ativo;A0199;Dominio_8;Recife;false;false;;0;
V00964;A0065;Baixa;0.5;Cloud Security;Em tratamento;2026-05-28;;Sistema_65;Média;Desenvolvimento;Ativo;A0065;Dominio_6;Recife;false;false;;0;
V00965;A0166;Média;4.4;Cloud Security;Em tratamento;2026-01-14;;Sistema_166;Média;Desenvolvimento;Ativo;A0166;Dominio_11;Curitiba;false;false;;0;
V00966;A0192;Baixa;0.5;Qualys;Aceita;2026-05-01;;Sistema_192;Baixa;Homologação;Em desativação;A0192;Dominio_1;Campinas;false;false;;0;
V00967;A0144;Alta;7.4;Qualys;Aceita;2026-06-01;;Sistema_144;Crítica;Desenvolvimento;Ativo;A0144;Dominio_1;Curitiba;false;false;;0;
V00968;A0069;Baixa;3.8;Pentest;Aberta;2026-03-16;;Sistema_69;Crítica;Homologação;Ativo;A0069;Dominio_10;Curitiba;false;false;;0;
V00969;A0093;Alta;8.1;Veracode;Corrigida;2026-05-04;2026-06-07;Sistema_93;Alta;Produção;Ativo;A0093;Dominio_10;Curitiba;false;false;false;0;34
V00970;A0065;Média;5.5;Qualys;Em tratamento;2026-06-15;;Sistema_65;Média;Desenvolvimento;Ativo;A0065;Dominio_6;Recife;false;false;;0;
V00971;A0075;Alta;8.3;Pentest;Aceita;2026-06-22;;Sistema_75;Baixa;Desenvolvimento;Ativo;A0075;Dominio_4;Campinas;false;false;;0;
V00972;A0109;Baixa;0.4;Qualys;Aceita;2026-07-27;;Sistema_109;Baixa;Desenvolvimento;Ativo;A0109;Dominio_2;Curitiba;false;false;;0;
V00973;A0163;Crítica;9.8;Cloud Security;Aceita;2026-06-03;;Sistema_163;Crítica;Homologação;Em desativação;A0163;Dominio_8;Recife;false;false;;0;
V00974;A0105;Baixa;1.0;Pentest;Em tratamento;2026-04-16;;Sistema_105;Média;Homologação;Em desativação;A0105;Dominio_10;Curitiba;false;false;;0;
V00975;A0164;Média;6.4;Pentest;Corrigida;2026-01-02;2026-02-26;Sistema_164;Crítica;Produção;Ativo;A0164;Dominio_9;São Paulo;false;false;false;0;55
V00976;A0128;Baixa;1.5;Veracode;Corrigida;2026-04-10;2026-06-07;Sistema_128;Média;Homologação;Ativo;A0128;Dominio_9;Campinas;false;false;false;0;58
V00977;A0152;Baixa;2.4;Veracode;Aberta;2026-06-09;;Sistema_152;Crítica;Homologação;Em desativação;A0152;Dominio_9;Curitiba;false;false;;0;
V00978;A0071;Alta;7.9;Cloud Security;Aceita;2026-01-24;;Sistema_71;Média;Desenvolvimento;Ativo;A0071;Dominio_12;São Paulo;false;false;;0;
V00979;A0066;Crítica;9.7;Veracode;Aberta;;;Sistema_66;Crítica;Homologação;Ativo;A0066;Dominio_7;Campinas;false;true;;0;
V00980;A0154;Baixa;2.7;Qualys;Corrigida;2026-07-24;2026-08-28;Sistema_154;Média;Desenvolvimento;Ativo;A0154;Dominio_11;Recife;false;false;false;0;35
V00981;A0159;Baixa;1.3;Pentest;Aceita;2026-04-04;;Sistema_159;Crítica;Homologação;Ativo;A0159;Dominio_4;Curitiba;false;false;;0;
V00982;A0097;Baixa;3.1;Qualys;Aceita;2026-06-12;;Sistema_97;Crítica;Homologação;Ativo;A0097;Dominio_2;São Paulo;false;false;;0;
V00983;A0078;Baixa;1.1;Pentest;Corrigida;2026-06-26;2026-09-24;Sistema_78;Crítica;Homologação;Ativo;A0078;Dominio_7;São Paulo;false;false;false;0;90
V00984;A0032;Baixa;0.5;Cloud Security;Aberta;2026-08-03;;Sistema_32;Baixa;Desenvolvimento;Ativo;A0032;Dominio_9;Campinas;false;false;;0;
V00985;A0007;Baixa;3.0;Cloud Security;Em tratamento;2026-03-26;;Sistema_7;Baixa;Produção;Ativo;A0007;Dominio_8;São Paulo;false;false;;0;
V00986;A0182;Baixa;0.8;Veracode;Corrigida;2026-09-16;2026-11-06;Sistema_182;Baixa;Desenvolvimento;Ativo;A0182;Dominio_3;Campinas;false;false;true;0;
V00987;A0092;Alta;8.4;Veracode;Em tratamento;2026-08-28;;Sistema_92;Alta;Homologação;Em desativação;A0092;Dominio_9;Curitiba;false;false;;0;
V00988;A0013;Baixa;1.9;Pentest;Aberta;2026-07-15;;Sistema_13;Baixa;Não Mapeado;Ativo;A0013;Dominio_2;São Paulo;false;false;;0;
V00989;A0019;Baixa;1.8;Veracode;Em tratamento;2026-02-03;;Sistema_19;Média;Homologação;Em desativação;A0019;Dominio_8;Curitiba;false;false;;0;
V00990;A0153;Baixa;1.0;Pentest;Aceita;2026-01-21;;Sistema_153;Média;Desenvolvimento;Ativo;A0153;Dominio_10;Recife;false;false;;0;
V00991;A0182;Média;5.1;Cloud Security;Em tratamento;2026-08-20;;Sistema_182;Baixa;Desenvolvimento;Ativo;A0182;Dominio_3;Campinas;false;false;;0;
V00992;A0161;Baixa;2.8;Cloud Security;Aceita;2026-08-30;;Sistema_161;Crítica;Homologação;Em desativação;A0161;Dominio_6;Recife;false;false;;0;
V00993;A0167;Média;6.0;Veracode;Aberta;2026-07-24;;Sistema_167;Alta;Produção;Ativo;A0167;Dominio_12;Recife;false;false;;0;
V00994;A0054;Alta;7.5;Qualys;Aberta;;;Sistema_54;Baixa;Homologação;Ativo;A0054;Dominio_7;São Paulo;false;true;;0;
V00995;A0030;Média;5.3;Cloud Security;Aberta;2026-01-12;;Sistema_30;Crítica;Desenvolvimento;Ativo;A0030;Dominio_7;Curitiba;false;false;;0;
V00996;A0102;Alta;8.7;Qualys;Em tratamento;2026-05-06;;Sistema_102;Crítica;Produção;Ativo;A0102;Dominio_7;São Paulo;false;false;;0;
V00997;A0118;Alta;8.5;Veracode;Aberta;2026-09-06;;Sistema_118;Baixa;Produção;Ativo;A0118;Dominio_11;Campinas;false;false;;0;
V00998;A0026;Alta;7.3;Cloud Security;Em tratamento;2026-04-27;;Sistema_26;Baixa;Produção;Ativo;A0026;Dominio_3;Recife;false;false;;0;
V00999;A0157;Baixa;0.4;Cloud Security;Aberta;2026-09-01;;Sistema_157;Alta;Desenvolvimento;Ativo;A0157;Dominio_2;Recife;false;false;;0;
V01000;A0014;Baixa;3.5;Qualys;Corrigida;2026-06-16;2026-06-18;Sistema_14;Crítica;Homologação;Ativo;A0014;Dominio_3;Campinas;false;false;false;0;2
V01001;A0133;Baixa;1.9;Qualys;Corrigida;2026-02-27;2026-04-06;Sistema_133;Baixa;Desenvolvimento;Em desativação;A0133;Dominio_2;Curitiba;false;false;false;0;38
V01002;A0132;Média;6.8;Qualys;Corrigida;2026-04-18;2026-05-09;Sistema_132;Crítica;Desenvolvimento;Ativo;A0132;Dominio_1;Curitiba;false;false;false;0;21
V01003;A0104;Alta;7.2;Pentest;Aceita;2026-01-11;;Sistema_104;Crítica;Desenvolvimento;Em desativação;A0104;Dominio_9;Campinas;false;false;;0;
V01004;A0176;Crítica;9.2;Veracode;Em tratamento;2026-05-24;;Sistema_176;Baixa;Produção;Ativo;A0176;Dominio_9;Curitiba;false;false;;0;
V01005;A0080;Média;5.4;Veracode;Aberta;2026-04-18;;Sistema_80;Crítica;Produção;Ativo;A0080;Dominio_9;Recife;false;false;;0;
V01006;A0107;Alta;8.9;Cloud Security;Aceita;2026-03-21;;Sistema_107;Média;Desenvolvimento;Ativo;A0107;Dominio_12;São Paulo;false;false;;0;
V01007;A0066;Média;6.1;Qualys;Aceita;2026-01-23;;Sistema_66;Crítica;Homologação;Ativo;A0066;Dominio_7;Campinas;false;false;;0;
V01008;A0034;Baixa;0.3;Cloud Security;Corrigida;2026-02-15;2026-04-08;Sistema_34;Não Mapeado;Produção;Em desativação;A0034;Dominio_11;Curitiba;false;false;false;0;52
V01009;A0067;Alta;7.4;Cloud Security;Aberta;2026-01-17;;Sistema_67;Baixa;Homologação;Ativo;A0067;Dominio_8;Recife;false;false;;0;
V01010;A0009;Alta;8.8;Cloud Security;Aberta;2026-02-18;;Sistema_9;Baixa;Desenvolvimento;Ativo;A0009;Dominio_10;Recife;false;false;;0;
V01011;A0174;Baixa;3.4;Veracode;Corrigida;2026-05-09;2026-05-18;Sistema_174;Média;Desenvolvimento;Em desativação;A0174;Dominio_7;Recife;false;false;false;0;9
V01012;A0198;Alta;7.1;Pentest;Aberta;2026-02-27;;Sistema_198;Baixa;Desenvolvimento;Em desativação;A0198;Dominio_7;São Paulo;false;false;;0;
V01013;A0005;Média;5.1;Cloud Security;Em tratamento;2026-05-17;;Sistema_5;Alta;Produção;Ativo;A0005;Dominio_6;Recife;false;false;;0;
V01014;A0167;Baixa;0.7;Veracode;Aceita;2026-07-14;;Sistema_167;Alta;Produção;Ativo;A0167;Dominio_12;Recife;false;false;;0;
V01015;A0119;Baixa;3.6;Cloud Security;Em tratamento;2026-02-23;;Sistema_119;Média;Homologação;Em desativação;A0119;Dominio_12;Campinas;false;false;;0;
V01016;A0085;Alta;7.5;Cloud Security;Aceita;2026-07-05;;Sistema_85;Baixa;Produção;Ativo;A0085;Dominio_2;Recife;false;false;;0;
V01017;A0189;Média;4.7;Cloud Security;Aberta;2026-08-11;;Sistema_189;Alta;Homologação;Em desativação;A0189;Dominio_10;Curitiba;false;false;;0;
V01018;A0174;Alta;8.4;Veracode;Em tratamento;2026-02-21;;Sistema_174;Média;Desenvolvimento;Em desativação;A0174;Dominio_7;Recife;false;false;;0;
V01019;A0171;Média;4.5;Veracode;Aberta;2026-01-18;;Sistema_171;Alta;Desenvolvimento;Em desativação;A0171;Dominio_4;São Paulo;false;false;;0;
V01020;A0168;Baixa;2.5;Cloud Security;Aceita;2026-04-22;;Sistema_168;Baixa;Homologação;Ativo;A0168;Dominio_1;São Paulo;false;false;;0;
V01021;A0074;Alta;8.6;Qualys;Aberta;2026-03-04;;Sistema_74;Baixa;Produção;Em desativação;A0074;Dominio_3;São Paulo;false;false;;0;
V01022;A0188;Média;5.6;Cloud Security;Aceita;2026-01-20;;Sistema_188;Crítica;Desenvolvimento;Ativo;A0188;Dominio_9;Recife;false;false;;0;
V01023;A0098;Média;5.6;Cloud Security;Em tratamento;2026-07-31;;Sistema_98;Crítica;Homologação;Ativo;A0098;Dominio_3;Recife;false;false;;0;
V01024;A0189;Baixa;0.4;Qualys;Aberta;2026-08-09;;Sistema_189;Alta;Homologação;Em desativação;A0189;Dominio_10;Curitiba;false;false;;0;
V01025;A0140;Baixa;1.9;Veracode;Em tratamento;2026-06-12;;Sistema_140;Baixa;Desenvolvimento;Ativo;A0140;Dominio_9;São Paulo;false;false;;0;
V01026;A0017;Média;6.7;Qualys;Corrigida;2026-07-05;2026-09-11;Sistema_17;Não Mapeado;Produção;Ativo;A0017;Dominio_6;Campinas;false;false;false;0;68
V01027;A0200;Crítica;9.1;Veracode;Em tratamento;2026-06-04;;Sistema_200;Alta;Homologação;Ativo;A0200;Dominio_9;Curitiba;false;false;;0;
V01028;A0161;Baixa;3.5;Pentest;Aberta;2026-03-10;;Sistema_161;Crítica;Homologação;Em desativação;A0161;Dominio_6;Recife;false;false;;0;
V01029;A0086;Baixa;3.8;Veracode;Aberta;2026-07-05;;Sistema_86;Média;Produção;Ativo;A0086;Dominio_3;Recife;false;false;;0;
V01030;A0159;Alta;8.5;Cloud Security;Corrigida;2026-05-14;2026-05-22;Sistema_159;Crítica;Homologação;Ativo;A0159;Dominio_4;Curitiba;false;false;false;0;8
V01031;A0123;Baixa;2.3;Veracode;Corrigida;2026-06-04;2026-08-09;Sistema_123;Baixa;Produção;Ativo;A0123;Dominio_4;Curitiba;false;false;false;0;66
V01032;A0104;Média;4.5;Cloud Security;Corrigida;2026-06-24;2026-07-09;Sistema_104;Crítica;Desenvolvimento;Em desativação;A0104;Dominio_9;Campinas;false;false;false;0;15
V01033;A0179;Média;6.5;Qualys;Aberta;2026-05-18;;Sistema_179;Baixa;Desenvolvimento;Em desativação;A0179;Dominio_12;Recife;false;false;;0;
V01034;A0035;Baixa;2.7;Pentest;Corrigida;2026-06-22;2026-08-26;Sistema_35;Baixa;Produção;Em desativação;A0035;Dominio_12;Curitiba;false;false;false;0;65
V01035;A0057;Baixa;1.0;Qualys;Em tratamento;2026-08-31;;Sistema_57;Crítica;Homologação;Ativo;A0057;Dominio_10;Campinas;false;false;;0;
V01036;A0054;Baixa;0.8;Pentest;Aceita;2026-05-29;;Sistema_54;Baixa;Homologação;Ativo;A0054;Dominio_7;São Paulo;false;false;;0;
V01037;A0093;Crítica;9.0;Pentest;Em tratamento;2026-01-09;;Sistema_93;Alta;Produção;Ativo;A0093;Dominio_10;Curitiba;false;false;;0;
V01038;A0084;Média;4.1;Cloud Security;Em tratamento;2026-03-25;;Sistema_84;Alta;Desenvolvimento;Em desativação;A0084;Dominio_1;Recife;false;false;;0;
V01039;A0043;Alta;7.5;Veracode;Em tratamento;2026-01-20;;Sistema_43;Alta;Produção;Ativo;A0043;Dominio_8;Curitiba;false;false;;0;
V01040;A0153;Alta;8.1;Pentest;Em tratamento;2026-05-23;;Sistema_153;Média;Desenvolvimento;Ativo;A0153;Dominio_10;Recife;false;false;;0;
V01041;A0148;Alta;7.2;Cloud Security;Aceita;2026-01-26;;Sistema_148;Alta;Produção;Ativo;A0148;Dominio_5;São Paulo;false;false;;0;
V01042;A0133;Média;4.4;Qualys;Aberta;2026-07-20;;Sistema_133;Baixa;Desenvolvimento;Em desativação;A0133;Dominio_2;Curitiba;false;false;;0;
V01043;A0159;Média;6.6;Cloud Security;Em tratamento;2026-03-25;;Sistema_159;Crítica;Homologação;Ativo;A0159;Dominio_4;Curitiba;false;false;;0;
V01044;A0144;Baixa;0.3;Veracode;Corrigida;2026-07-30;2026-10-15;Sistema_144;Crítica;Desenvolvimento;Ativo;A0144;Dominio_1;Curitiba;false;false;true;0;
V01045;A0130;Baixa;0.7;Veracode;Aberta;2026-02-16;;Sistema_130;Baixa;Produção;Ativo;A0130;Dominio_11;Recife;false;false;;0;
V01046;A0047;Alta;7.3;Pentest;Aberta;2026-05-24;;Sistema_47;Média;Desenvolvimento;Ativo;A0047;Dominio_12;Recife;false;false;;0;
V01047;A0005;Média;5.7;Cloud Security;Corrigida;2026-02-22;2026-02-26;Sistema_5;Alta;Produção;Ativo;A0005;Dominio_6;Recife;false;false;false;0;4
V01048;A0093;Alta;8.0;Qualys;Aberta;2026-04-04;;Sistema_93;Alta;Produção;Ativo;A0093;Dominio_10;Curitiba;false;false;;0;
V01049;A0059;Alta;7.8;Qualys;Aceita;2026-06-30;;Sistema_59;Alta;Desenvolvimento;Ativo;A0059;Dominio_12;Recife;false;false;;0;
V01050;A0145;Média;4.2;Qualys;Corrigida;2026-06-08;2026-06-20;Sistema_145;Baixa;Desenvolvimento;Em desativação;A0145;Dominio_2;Curitiba;false;false;false;0;12
V01051;A0160;Baixa;2.4;Cloud Security;Em tratamento;2026-04-26;;Sistema_160;Média;Desenvolvimento;Ativo;A0160;Dominio_5;Recife;false;false;;0;
V01052;A0013;Baixa;2.7;Cloud Security;Aberta;2026-05-21;;Sistema_13;Baixa;Não Mapeado;Ativo;A0013;Dominio_2;São Paulo;false;false;;0;
V01053;A0148;Baixa;1.9;Qualys;Aberta;2026-03-14;;Sistema_148;Alta;Produção;Ativo;A0148;Dominio_5;São Paulo;false;false;;0;
V01054;A0021;Baixa;2.5;Cloud Security;Aceita;2026-02-04;;Sistema_21;Baixa;Produção;Ativo;A0021;Dominio_10;São Paulo;false;false;;0;
V01055;A0182;Alta;7.4;Cloud Security;Corrigida;2026-01-23;2026-01-24;Sistema_182;Baixa;Desenvolvimento;Ativo;A0182;Dominio_3;Campinas;false;false;false;0;1
V01056;A0154;Baixa;2.4;Pentest;Aceita;2026-08-09;;Sistema_154;Média;Desenvolvimento;Ativo;A0154;Dominio_11;Recife;false;false;;0;
V01057;A0100;Alta;8.5;Qualys;Aberta;2026-07-29;;Sistema_100;Alta;Produção;Ativo;A0100;Dominio_5;São Paulo;false;false;;0;
V01058;A0003;Alta;7.1;Pentest;Em tratamento;2026-01-23;;Sistema_3;Média;Homologação;Ativo;A0003;Dominio_4;São Paulo;false;false;;0;
V01059;A0024;Baixa;3.0;Cloud Security;Em tratamento;2026-01-25;;Sistema_24;Baixa;Produção;Ativo;A0024;Dominio_1;São Paulo;false;false;;0;
V01060;A0137;Baixa;1.1;Pentest;Aceita;2026-04-15;;Sistema_137;Alta;Desenvolvimento;Ativo;A0137;Dominio_6;São Paulo;false;false;;0;
V01061;A0005;Alta;7.4;Qualys;Aberta;2026-06-03;;Sistema_5;Alta;Produção;Ativo;A0005;Dominio_6;Recife;false;false;;0;
V01062;A0059;Crítica;10.0;Veracode;Aberta;2026-09-01;;Sistema_59;Alta;Desenvolvimento;Ativo;A0059;Dominio_12;Recife;false;false;;0;
V01063;A0189;Alta;8.0;Pentest;Aceita;2026-04-03;;Sistema_189;Alta;Homologação;Em desativação;A0189;Dominio_10;Curitiba;false;false;;0;
V01064;A0062;Baixa;0.4;Pentest;Aberta;2026-06-22;;Sistema_62;Baixa;Desenvolvimento;Em desativação;A0062;Dominio_3;São Paulo;false;false;;0;
V01065;A0053;Baixa;1.4;Pentest;Aceita;;;Sistema_53;Baixa;Homologação;Ativo;A0053;Dominio_6;Campinas;false;true;;0;
V01066;A0013;Baixa;3.3;Pentest;Em tratamento;2026-09-08;;Sistema_13;Baixa;Não Mapeado;Ativo;A0013;Dominio_2;São Paulo;false;false;;0;
V01067;A0107;Baixa;3.6;Cloud Security;Aceita;2026-06-21;;Sistema_107;Média;Desenvolvimento;Ativo;A0107;Dominio_12;São Paulo;false;false;;0;
V01068;A0070;Alta;8.4;Veracode;Aberta;;;Sistema_70;Média;Homologação;Ativo;A0070;Dominio_11;Recife;false;true;;0;
V01069;A0023;Baixa;3.8;Cloud Security;Aberta;2026-08-21;;Sistema_23;Média;Desenvolvimento;Em desativação;A0023;Dominio_12;Campinas;false;false;;0;
V01070;A0031;Média;4.6;Cloud Security;Em tratamento;2026-02-22;;Sistema_31;Alta;Desenvolvimento;Ativo;A0031;Dominio_8;São Paulo;false;false;;0;
V01071;A0185;Alta;8.3;Pentest;Corrigida;2026-02-06;2026-02-18;Sistema_185;Média;Produção;Ativo;A0185;Dominio_6;Curitiba;false;false;false;0;12
V01072;A0180;Média;5.5;Cloud Security;Aberta;2026-04-15;;Sistema_180;Baixa;Desenvolvimento;Em desativação;A0180;Dominio_1;São Paulo;false;false;;0;
V01073;A0109;Baixa;3.8;Pentest;Aceita;2026-04-03;;Sistema_109;Baixa;Desenvolvimento;Ativo;A0109;Dominio_2;Curitiba;false;false;;0;
V01074;A0078;Média;4.1;Pentest;Corrigida;2026-09-04;2026-11-12;Sistema_78;Crítica;Homologação;Ativo;A0078;Dominio_7;São Paulo;false;false;true;0;
V01075;A0098;Média;5.8;Pentest;Aberta;2026-05-27;;Sistema_98;Crítica;Homologação;Ativo;A0098;Dominio_3;Recife;false;false;;0;
V01076;A0138;Crítica;9.0;Qualys;Corrigida;2026-05-29;2026-06-01;Sistema_138;Baixa;Desenvolvimento;Em desativação;A0138;Dominio_7;Recife;false;false;false;0;3
V01077;A0058;Baixa;0.2;Pentest;Aceita;2026-01-11;;Sistema_58;Baixa;Homologação;Ativo;A0058;Dominio_11;Recife;false;false;;0;
V01078;A0105;Média;6.8;Qualys;Aceita;2026-07-13;;Sistema_105;Média;Homologação;Em desativação;A0105;Dominio_10;Curitiba;false;false;;0;
V01079;A0073;Média;5.0;Cloud Security;Aberta;2026-09-16;;Sistema_73;Crítica;Desenvolvimento;Em desativação;A0073;Dominio_2;Recife;false;false;;0;
V01080;A0038;Baixa;1.7;Pentest;Aberta;2026-09-15;;Sistema_38;Média;Desenvolvimento;Ativo;A0038;Dominio_3;Curitiba;false;false;;0;
V01081;A0191;Crítica;9.9;Pentest;Corrigida;2026-08-27;2026-09-02;Sistema_191;Baixa;Homologação;Em desativação;A0191;Dominio_12;Campinas;false;false;false;0;6
V01082;A0187;Média;5.7;Qualys;Em tratamento;2026-07-07;;Sistema_187;Não Mapeado;Homologação;Ativo;A0187;Dominio_8;Campinas;false;false;;0;
V01083;A0065;Média;5.7;Cloud Security;Aceita;2026-02-12;;Sistema_65;Média;Desenvolvimento;Ativo;A0065;Dominio_6;Recife;false;false;;0;
V01084;A0002;Crítica;9.6;Pentest;Aceita;2026-06-15;;Sistema_2;Média;Produção;Em desativação;A0002;Dominio_3;São Paulo;false;false;;0;
V01085;A0137;Média;6.3;Qualys;Em tratamento;2026-02-21;;Sistema_137;Alta;Desenvolvimento;Ativo;A0137;Dominio_6;São Paulo;false;false;;0;
V01086;A0110;Baixa;3.5;Cloud Security;Em tratamento;2026-08-18;;Sistema_110;Baixa;Produção;Em desativação;A0110;Dominio_3;Curitiba;false;false;;0;
V01087;A0033;Alta;8.1;Cloud Security;Aceita;2026-02-18;;Sistema_33;Média;Homologação;Ativo;A0033;Dominio_10;Campinas;false;false;;0;
V01088;A0032;Baixa;2.6;Pentest;Aberta;2026-07-17;;Sistema_32;Baixa;Desenvolvimento;Ativo;A0032;Dominio_9;Campinas;false;false;;0;
V01089;A0186;Média;6.1;Veracode;Aceita;2026-06-04;;Sistema_186;Média;Desenvolvimento;Ativo;A0186;Dominio_7;Campinas;false;false;;0;
V01090;A0159;Média;5.1;Cloud Security;Corrigida;2026-04-29;2026-06-07;Sistema_159;Crítica;Homologação;Ativo;A0159;Dominio_4;Curitiba;false;false;false;0;39
V01091;A0141;Alta;7.1;Qualys;Corrigida;2026-08-29;2026-10-25;Sistema_141;Crítica;Produção;Ativo;A0141;Dominio_10;Curitiba;false;false;true;0;
V01092;A0051;Média;4.4;Veracode;Corrigida;2026-02-15;2026-03-17;Sistema_51;Média;Produção;Ativo;A0051;Dominio_4;Recife;false;false;false;0;30
V01093;A0121;Baixa;1.0;Veracode;Aberta;2026-02-20;;Sistema_121;Crítica;Homologação;Ativo;A0121;Dominio_2;Recife;false;false;;0;
V01094;A0117;Crítica;9.4;Cloud Security;Aberta;2026-09-13;;Sistema_117;Média;Homologação;Ativo;A0117;Dominio_10;Curitiba;false;false;;0;
V01095;A0176;Alta;8.3;Veracode;Aberta;2026-07-14;;Sistema_176;Baixa;Produção;Ativo;A0176;Dominio_9;Curitiba;false;false;;0;
V01096;A0027;Baixa;0.7;Cloud Security;Aberta;2026-01-02;;Sistema_27;Baixa;Produção;Ativo;A0027;Dominio_4;Campinas;false;false;;0;
V01097;A0104;Alta;7.8;Veracode;Aberta;2026-02-09;;Sistema_104;Crítica;Desenvolvimento;Em desativação;A0104;Dominio_9;Campinas;false;false;;0;
V01098;A0187;Média;4.9;Cloud Security;Corrigida;2026-03-31;2026-06-01;Sistema_187;Não Mapeado;Homologação;Ativo;A0187;Dominio_8;Campinas;false;false;false;0;62
V01099;A0024;Média;5.9;Qualys;Corrigida;2026-08-19;2026-10-08;Sistema_24;Baixa;Produção;Ativo;A0024;Dominio_1;São Paulo;false;false;true;0;
V01100;A0088;Crítica;9.2;Cloud Security;Aceita;2026-01-09;;Sistema_88;Crítica;Homologação;Ativo;A0088;Dominio_5;Campinas;false;false;;0;
V01101;A0169;Média;5.2;Cloud Security;Corrigida;2026-08-27;2026-09-20;Sistema_169;Alta;Homologação;Ativo;A0169;Dominio_2;Campinas;false;false;false;0;24
V01102;A0123;Média;4.0;Veracode;Aberta;2026-02-26;;Sistema_123;Baixa;Produção;Ativo;A0123;Dominio_4;Curitiba;false;false;;0;
V01103;A0041;Alta;8.5;Qualys;Corrigida;2026-06-19;2026-07-22;Sistema_41;Alta;Homologação;Em desativação;A0041;Dominio_6;Campinas;false;false;false;0;33
V01104;A0189;Baixa;2.7;Veracode;Aberta;2026-07-06;;Sistema_189;Alta;Homologação;Em desativação;A0189;Dominio_10;Curitiba;false;false;;0;
V01105;A0183;Baixa;2.8;Pentest;Aberta;2026-07-26;;Sistema_183;Média;Produção;Ativo;A0183;Dominio_4;Campinas;false;false;;0;
V01106;A0103;Baixa;3.5;Qualys;Aceita;2026-02-09;;Sistema_103;Alta;Homologação;Ativo;A0103;Dominio_8;Curitiba;false;false;;0;
V01107;A0047;Crítica;9.6;Pentest;Corrigida;2026-04-06;2026-05-12;Sistema_47;Média;Desenvolvimento;Ativo;A0047;Dominio_12;Recife;false;false;false;0;36
V01108;A0178;Média;6.2;Qualys;Corrigida;2026-02-24;2026-05-05;Sistema_178;Alta;Produção;Ativo;A0178;Dominio_11;São Paulo;false;false;false;0;70
V01109;A0157;Alta;8.1;Pentest;Aceita;2026-06-28;;Sistema_157;Alta;Desenvolvimento;Ativo;A0157;Dominio_2;Recife;false;false;;0;
V01110;A0007;Média;4.4;Cloud Security;Em tratamento;2026-08-16;;Sistema_7;Baixa;Produção;Ativo;A0007;Dominio_8;São Paulo;false;false;;0;
V01111;A0142;Baixa;0.1;Cloud Security;Aceita;2026-02-13;;Sistema_142;Média;Homologação;Ativo;A0142;Dominio_11;Recife;false;false;;0;
V01112;A0174;Média;4.9;Cloud Security;Em tratamento;2026-07-04;;Sistema_174;Média;Desenvolvimento;Em desativação;A0174;Dominio_7;Recife;false;false;;0;
V01113;A0140;Média;4.2;Cloud Security;Em tratamento;2026-06-20;;Sistema_140;Baixa;Desenvolvimento;Ativo;A0140;Dominio_9;São Paulo;false;false;;0;
V01114;A0050;Média;4.5;Pentest;Aberta;2026-02-28;;Sistema_50;Média;Homologação;Em desativação;A0050;Dominio_3;Campinas;false;false;;0;
V01115;A0048;Baixa;3.4;Pentest;Aceita;2026-05-25;;Sistema_48;Baixa;Produção;Ativo;A0048;Dominio_1;Curitiba;false;false;;0;
V01116;A0132;Média;6.7;Qualys;Aberta;2026-01-24;;Sistema_132;Crítica;Desenvolvimento;Ativo;A0132;Dominio_1;Curitiba;false;false;;0;
V01117;A0162;Baixa;3.3;Pentest;Aceita;2026-05-04;;Sistema_162;Média;Produção;Em desativação;A0162;Dominio_7;Recife;false;false;;0;
V01118;A0033;Média;5.2;Pentest;Aberta;2026-06-14;;Sistema_33;Média;Homologação;Ativo;A0033;Dominio_10;Campinas;false;false;;0;
V01119;A0082;Média;4.9;Pentest;Corrigida;2026-07-02;2026-08-05;Sistema_82;Média;Produção;Ativo;A0082;Dominio_11;São Paulo;false;false;false;0;34
V01120;A0034;Baixa;0.9;Pentest;Corrigida;2026-06-11;2026-08-13;Sistema_34;Não Mapeado;Produção;Em desativação;A0034;Dominio_11;Curitiba;false;false;false;0;63
V01121;A0045;Baixa;3.0;Qualys;Aceita;2026-07-15;;Sistema_45;Média;Desenvolvimento;Ativo;A0045;Dominio_10;Curitiba;false;false;;0;
V01122;A0183;Baixa;0.4;Cloud Security;Em tratamento;2026-07-30;;Sistema_183;Média;Produção;Ativo;A0183;Dominio_4;Campinas;false;false;;0;
V01123;A0070;Baixa;3.3;Pentest;Aceita;2026-06-13;;Sistema_70;Média;Homologação;Ativo;A0070;Dominio_11;Recife;false;false;;0;
V01124;A0149;Baixa;3.1;Pentest;Aberta;2026-03-23;;Sistema_149;Crítica;Desenvolvimento;Em desativação;A0149;Dominio_6;São Paulo;false;false;;0;
V01125;A0186;Média;5.4;Qualys;Em tratamento;2026-06-21;;Sistema_186;Média;Desenvolvimento;Ativo;A0186;Dominio_7;Campinas;false;false;;0;
V01126;A0002;Alta;7.2;Veracode;Aberta;2026-05-10;;Sistema_2;Média;Produção;Em desativação;A0002;Dominio_3;São Paulo;false;false;;0;
V01127;A0092;Média;6.0;Cloud Security;Em tratamento;2026-07-14;;Sistema_92;Alta;Homologação;Em desativação;A0092;Dominio_9;Curitiba;false;false;;0;
V01128;A0135;Baixa;0.8;Veracode;Aceita;2026-04-05;;Sistema_135;Alta;Produção;Ativo;A0135;Dominio_4;Recife;false;false;;0;
V01129;A0099;Baixa;1.1;Pentest;Em tratamento;2026-01-25;;Sistema_99;Alta;Produção;Ativo;A0099;Dominio_4;Recife;false;false;;0;
V01130;A0120;Média;5.1;Veracode;Aceita;2026-02-02;;Sistema_120;Alta;Produção;Ativo;A0120;Dominio_1;São Paulo;false;false;;0;
V01131;A0099;Alta;7.5;Cloud Security;Aceita;2026-08-31;;Sistema_99;Alta;Produção;Ativo;A0099;Dominio_4;Recife;false;false;;0;
V01132;A0173;Baixa;3.4;Cloud Security;Em tratamento;2026-05-28;;Sistema_173;Alta;Produção;Ativo;A0173;Dominio_6;Campinas;false;false;;0;
V01133;A0109;Baixa;2.4;Veracode;Em tratamento;2026-05-15;;Sistema_109;Baixa;Desenvolvimento;Ativo;A0109;Dominio_2;Curitiba;false;false;;0;
V01134;A0039;Crítica;9.0;Cloud Security;Aberta;2026-02-25;;Sistema_39;Crítica;Desenvolvimento;Ativo;A0039;Dominio_4;Campinas;false;false;;0;
V01135;A0050;Baixa;1.3;Pentest;Corrigida;2026-05-31;2026-07-21;Sistema_50;Média;Homologação;Em desativação;A0050;Dominio_3;Campinas;false;false;false;0;51
V01136;A0167;Média;4.6;Cloud Security;Em tratamento;;;Sistema_167;Alta;Produção;Ativo;A0167;Dominio_12;Recife;false;true;;0;
V01137;A0180;Alta;8.4;Qualys;Aceita;2026-01-30;;Sistema_180;Baixa;Desenvolvimento;Em desativação;A0180;Dominio_1;São Paulo;false;false;;0;
V01138;A0108;Baixa;0.2;Cloud Security;Aceita;2026-09-05;;Sistema_108;Crítica;Desenvolvimento;Ativo;A0108;Dominio_1;Campinas;false;false;;0;
V01139;A0064;Crítica;9.8;Qualys;Corrigida;2026-03-05;2026-04-05;Sistema_64;Crítica;Homologação;Ativo;A0064;Dominio_5;Campinas;false;false;false;0;31
V01140;A0014;Baixa;0.6;Pentest;Corrigida;2026-02-08;2026-02-20;Sistema_14;Crítica;Homologação;Ativo;A0014;Dominio_3;Campinas;false;false;false;0;12
V01141;A0014;Média;4.7;Veracode;Aberta;2026-05-10;;Sistema_14;Crítica;Homologação;Ativo;A0014;Dominio_3;Campinas;false;false;;0;
V01142;A0087;Baixa;1.1;Cloud Security;Aberta;2026-08-18;;Sistema_87;Alta;Produção;Ativo;A0087;Dominio_4;Recife;false;false;;0;
V01143;A0187;Crítica;9.5;Veracode;Corrigida;2026-06-16;2026-06-21;Sistema_187;Não Mapeado;Homologação;Ativo;A0187;Dominio_8;Campinas;false;false;false;0;5
V01144;A0149;Média;4.8;Veracode;Aberta;2026-05-26;;Sistema_149;Crítica;Desenvolvimento;Em desativação;A0149;Dominio_6;São Paulo;false;false;;0;
V01145;A0142;Média;6.2;Cloud Security;Aberta;2026-06-22;;Sistema_142;Média;Homologação;Ativo;A0142;Dominio_11;Recife;false;false;;0;
V01146;A0092;Baixa;2.5;Veracode;Em tratamento;2026-04-30;;Sistema_92;Alta;Homologação;Em desativação;A0092;Dominio_9;Curitiba;false;false;;0;
V01147;A0083;Média;5.1;Veracode;Aberta;2026-03-20;;Sistema_83;Alta;Homologação;Em desativação;A0083;Dominio_12;Curitiba;false;false;;0;
V01148;A0144;Média;4.2;Qualys;Aceita;2026-04-01;;Sistema_144;Crítica;Desenvolvimento;Ativo;A0144;Dominio_1;Curitiba;false;false;;0;
V01149;A0092;Média;6.0;Qualys;Corrigida;2026-02-28;2026-05-29;Sistema_92;Alta;Homologação;Em desativação;A0092;Dominio_9;Curitiba;false;false;false;0;90
V01150;A0037;Média;5.0;Pentest;Em tratamento;2026-05-21;;Sistema_37;Média;Homologação;Ativo;A0037;Dominio_2;São Paulo;false;false;;0;
V01151;A0066;Baixa;0.9;Pentest;Corrigida;2026-05-06;2026-07-03;Sistema_66;Crítica;Homologação;Ativo;A0066;Dominio_7;Campinas;false;false;false;0;58
V01152;A0112;Baixa;3.3;Cloud Security;Corrigida;2026-02-14;2026-03-01;Sistema_112;Baixa;Homologação;Ativo;A0112;Dominio_5;Campinas;false;false;false;0;15
V01153;A0100;Baixa;0.9;Veracode;Aceita;2026-05-26;;Sistema_100;Alta;Produção;Ativo;A0100;Dominio_5;São Paulo;false;false;;0;
V01154;A0050;Baixa;1.3;Pentest;Aberta;2026-09-02;;Sistema_50;Média;Homologação;Em desativação;A0050;Dominio_3;Campinas;false;false;;0;
V01155;A0168;Baixa;3.6;Pentest;Corrigida;2026-06-04;2026-07-03;Sistema_168;Baixa;Homologação;Ativo;A0168;Dominio_1;São Paulo;false;false;false;0;29
V01156;A0123;Baixa;2.2;Cloud Security;Aceita;2026-02-26;;Sistema_123;Baixa;Produção;Ativo;A0123;Dominio_4;Curitiba;false;false;;0;
V01157;A0059;Alta;7.6;Pentest;Aberta;;;Sistema_59;Alta;Desenvolvimento;Ativo;A0059;Dominio_12;Recife;false;true;;0;
V01158;A0071;Alta;7.1;Veracode;Aceita;2026-06-23;;Sistema_71;Média;Desenvolvimento;Ativo;A0071;Dominio_12;São Paulo;false;false;;0;
V01159;A0120;Média;5.0;Veracode;Aberta;2026-07-20;;Sistema_120;Alta;Produção;Ativo;A0120;Dominio_1;São Paulo;false;false;;0;
V01160;A0174;Baixa;3.4;Qualys;Aceita;2026-04-01;;Sistema_174;Média;Desenvolvimento;Em desativação;A0174;Dominio_7;Recife;false;false;;0;
V01161;A0029;Média;4.0;Qualys;Aceita;2026-01-04;;Sistema_29;Média;Produção;Em desativação;A0029;Dominio_6;Curitiba;false;false;;0;
V01162;A0081;Crítica;9.2;Cloud Security;Aberta;2026-01-21;;Sistema_81;Alta;Homologação;Ativo;A0081;Dominio_10;São Paulo;false;false;;0;
V01163;A0022;Média;5.9;Cloud Security;Aberta;2026-04-24;;Sistema_22;Baixa;Produção;Ativo;A0022;Dominio_11;São Paulo;false;false;;0;
V01164;A0128;Baixa;3.5;Pentest;Em tratamento;2026-05-15;;Sistema_128;Média;Homologação;Ativo;A0128;Dominio_9;Campinas;false;false;;0;
V01165;A0004;Baixa;3.0;Cloud Security;Em tratamento;2026-07-29;;Sistema_4;Alta;Homologação;Ativo;A0004;Dominio_5;Campinas;false;false;;0;
V01166;A0174;Média;6.8;Veracode;Aberta;2026-02-13;;Sistema_174;Média;Desenvolvimento;Em desativação;A0174;Dominio_7;Recife;false;false;;0;
V01167;A0132;Baixa;1.5;Pentest;Corrigida;2026-02-08;2026-03-09;Sistema_132;Crítica;Desenvolvimento;Ativo;A0132;Dominio_1;Curitiba;false;false;false;0;29
V01168;A0020;Média;5.0;Pentest;Corrigida;2026-02-11;2026-04-24;Sistema_20;Alta;Produção;Em desativação;A0020;Dominio_9;Recife;false;false;false;0;72
V01169;A0074;Crítica;9.2;Cloud Security;Corrigida;2026-09-04;2026-09-11;Sistema_74;Baixa;Produção;Em desativação;A0074;Dominio_3;São Paulo;false;false;false;0;7
V01170;A0181;Baixa;2.0;Qualys;Aceita;2026-01-13;;Sistema_181;Crítica;Produção;Em desativação;A0181;Dominio_2;Campinas;false;false;;0;
V01171;A0065;Baixa;3.7;Veracode;Aceita;2026-06-28;;Sistema_65;Média;Desenvolvimento;Ativo;A0065;Dominio_6;Recife;false;false;;0;
V01172;A0044;Média;5.0;Pentest;Em tratamento;2026-03-21;;Sistema_44;Alta;Produção;Ativo;A0044;Dominio_9;Campinas;false;false;;0;
V01173;A0121;Média;6.0;Veracode;Aceita;2026-08-18;;Sistema_121;Crítica;Homologação;Ativo;A0121;Dominio_2;Recife;false;false;;0;
V01174;A0057;Baixa;0.1;Cloud Security;Corrigida;2026-01-29;2026-02-23;Sistema_57;Crítica;Homologação;Ativo;A0057;Dominio_10;Campinas;false;false;false;0;25
V01175;A0003;Crítica;9.3;Pentest;Aceita;2026-08-29;;Sistema_3;Média;Homologação;Ativo;A0003;Dominio_4;São Paulo;false;false;;0;
V01176;A0001;Média;5.7;Qualys;Aberta;2026-07-17;;Sistema_1;Crítica;Homologação;Em desativação;A0001;Dominio_2;São Paulo;false;false;;0;
V01177;A0029;Baixa;0.4;Cloud Security;Aceita;2026-02-03;;Sistema_29;Média;Produção;Em desativação;A0029;Dominio_6;Curitiba;false;false;;0;
V01178;A0133;Baixa;3.9;Pentest;Em tratamento;2026-09-16;;Sistema_133;Baixa;Desenvolvimento;Em desativação;A0133;Dominio_2;Curitiba;false;false;;0;
V01179;A0183;Alta;8.5;Cloud Security;Corrigida;2026-02-17;2026-03-22;Sistema_183;Média;Produção;Ativo;A0183;Dominio_4;Campinas;false;false;false;0;33
V01180;A0047;Média;5.2;Cloud Security;Aberta;2026-02-01;;Sistema_47;Média;Desenvolvimento;Ativo;A0047;Dominio_12;Recife;false;false;;0;
V01181;A0151;Baixa;0.4;Qualys;Em tratamento;2026-05-28;;Sistema_151;Crítica;Produção;Ativo;A0151;Dominio_8;Recife;false;false;;0;
V01182;A0115;Baixa;3.3;Pentest;Em tratamento;2026-07-06;;Sistema_115;Crítica;Produção;Ativo;A0115;Dominio_8;São Paulo;false;false;;0;
V01183;A0195;Alta;7.4;Veracode;Corrigida;2026-03-18;2026-04-04;Sistema_195;Alta;Produção;Ativo;A0195;Dominio_4;São Paulo;false;false;false;0;17
V01184;A0186;Alta;7.4;Cloud Security;Em tratamento;2026-05-21;;Sistema_186;Média;Desenvolvimento;Ativo;A0186;Dominio_7;Campinas;false;false;;0;
V01185;A0039;Média;4.7;Qualys;Corrigida;2026-09-13;2026-12-07;Sistema_39;Crítica;Desenvolvimento;Ativo;A0039;Dominio_4;Campinas;false;false;true;0;
V01186;A0101;Baixa;2.9;Veracode;Aberta;2026-08-24;;Sistema_101;Média;Desenvolvimento;Ativo;A0101;Dominio_6;Recife;false;false;;0;
V01187;A0035;Média;5.9;Cloud Security;Aceita;2026-05-23;;Sistema_35;Baixa;Produção;Em desativação;A0035;Dominio_12;Curitiba;false;false;;0;
V01188;A0086;Crítica;9.0;Qualys;Em tratamento;2026-07-30;;Sistema_86;Média;Produção;Ativo;A0086;Dominio_3;Recife;false;false;;0;
V01189;A0059;Média;6.7;Cloud Security;Em tratamento;2026-02-20;;Sistema_59;Alta;Desenvolvimento;Ativo;A0059;Dominio_12;Recife;false;false;;0;
V01190;A0084;Média;4.0;Cloud Security;Aceita;2026-02-19;;Sistema_84;Alta;Desenvolvimento;Em desativação;A0084;Dominio_1;Recife;false;false;;0;
V01191;A0120;Baixa;1.4;Veracode;Aberta;2026-06-05;;Sistema_120;Alta;Produção;Ativo;A0120;Dominio_1;São Paulo;false;false;;0;
V01192;A0143;Baixa;0.5;Veracode;Em tratamento;2026-08-02;;Sistema_143;Média;Homologação;Ativo;A0143;Dominio_12;Curitiba;false;false;;0;
V01193;A0005;Baixa;3.8;Pentest;Em tratamento;2026-05-24;;Sistema_5;Alta;Produção;Ativo;A0005;Dominio_6;Recife;false;false;;0;
V01194;A0182;Alta;8.9;Veracode;Corrigida;2026-07-21;2026-09-10;Sistema_182;Baixa;Desenvolvimento;Ativo;A0182;Dominio_3;Campinas;false;false;false;0;51
V01195;A0149;Crítica;9.9;Veracode;Em tratamento;2026-01-22;;Sistema_149;Crítica;Desenvolvimento;Em desativação;A0149;Dominio_6;São Paulo;false;false;;0;
V01196;A0173;Alta;8.9;Veracode;Aberta;2026-01-14;;Sistema_173;Alta;Produção;Ativo;A0173;Dominio_6;Campinas;false;false;;0;
V01197;A0175;Alta;8.1;Qualys;Em tratamento;2026-06-14;;Sistema_175;Crítica;Homologação;Ativo;A0175;Dominio_8;São Paulo;false;false;;0;
V01198;A0173;Alta;8.2;Cloud Security;Aberta;2026-08-21;;Sistema_173;Alta;Produção;Ativo;A0173;Dominio_6;Campinas;false;false;;0;
V01199;A0147;Média;4.8;Veracode;Em tratamento;2026-03-14;;Sistema_147;Média;Desenvolvimento;Ativo;A0147;Dominio_4;Campinas;false;false;;0;
V01200;A0010;Alta;7.0;Pentest;Em tratamento;2026-08-14;;Sistema_10;Baixa;Produção;Ativo;A0010;Dominio_11;Campinas;false;false;;0;
V01201;A0187;Alta;7.6;Cloud Security;Em tratamento;2026-02-08;;Sistema_187;Não Mapeado;Homologação;Ativo;A0187;Dominio_8;Campinas;false;false;;0;
V01202;A0148;Média;5.0;Qualys;Corrigida;2026-02-21;2026-03-10;Sistema_148;Alta;Produção;Ativo;A0148;Dominio_5;São Paulo;false;false;false;0;17
V01203;A0086;Baixa;1.4;Veracode;Em tratamento;2026-05-08;;Sistema_86;Média;Produção;Ativo;A0086;Dominio_3;Recife;false;false;;0;
V01204;A0064;Média;5.1;Cloud Security;Aberta;2026-06-28;;Sistema_64;Crítica;Homologação;Ativo;A0064;Dominio_5;Campinas;false;false;;0;
V01205;A0081;Baixa;3.7;Cloud Security;Em tratamento;2026-01-06;;Sistema_81;Alta;Homologação;Ativo;A0081;Dominio_10;São Paulo;false;false;;0;
V01206;A0085;Baixa;2.8;Qualys;Aceita;2026-03-18;;Sistema_85;Baixa;Produção;Ativo;A0085;Dominio_2;Recife;false;false;;0;
V01207;A0024;Baixa;2.1;Pentest;Aberta;;;Sistema_24;Baixa;Produção;Ativo;A0024;Dominio_1;São Paulo;false;true;;0;
V01208;A0012;Baixa;0.1;Qualys;Em tratamento;2026-06-05;;Sistema_12;Baixa;Desenvolvimento;Em desativação;A0012;Dominio_1;Recife;false;false;;0;
V01209;A0120;Média;5.4;Pentest;Aberta;2026-02-25;;Sistema_120;Alta;Produção;Ativo;A0120;Dominio_1;São Paulo;false;false;;0;
V01210;A0080;Baixa;3.3;Cloud Security;Aceita;2026-06-26;;Sistema_80;Crítica;Produção;Ativo;A0080;Dominio_9;Recife;false;false;;0;
V01211;A0033;Média;4.3;Veracode;Em tratamento;2026-05-05;;Sistema_33;Média;Homologação;Ativo;A0033;Dominio_10;Campinas;false;false;;0;
V01212;A0099;Baixa;2.3;Qualys;Corrigida;2026-06-07;2026-06-26;Sistema_99;Alta;Produção;Ativo;A0099;Dominio_4;Recife;false;false;false;0;19
V01213;A0046;Alta;8.7;Veracode;Aceita;2026-01-20;;Sistema_46;Baixa;Homologação;Ativo;A0046;Dominio_11;Recife;false;false;;0;
V01214;A0195;Baixa;0.9;Pentest;Em tratamento;2026-07-17;;Sistema_195;Alta;Produção;Ativo;A0195;Dominio_4;São Paulo;false;false;;0;
V01215;A0131;Baixa;2.5;Cloud Security;Corrigida;2026-06-12;2026-09-09;Sistema_131;Baixa;Produção;Ativo;A0131;Dominio_12;Curitiba;false;false;false;0;89
V01216;A0183;Baixa;1.7;Pentest;Em tratamento;2026-01-02;;Sistema_183;Média;Produção;Ativo;A0183;Dominio_4;Campinas;false;false;;0;
V01217;A0064;Alta;7.2;Qualys;Em tratamento;2026-09-16;;Sistema_64;Crítica;Homologação;Ativo;A0064;Dominio_5;Campinas;false;false;;0;
V01218;A0081;Baixa;0.1;Pentest;Aceita;2026-07-04;;Sistema_81;Alta;Homologação;Ativo;A0081;Dominio_10;São Paulo;false;false;;0;
V01219;A0036;Baixa;2.9;Pentest;Aberta;2026-08-10;;Sistema_36;Crítica;Homologação;Em desativação;A0036;Dominio_1;Recife;false;false;;0;
V01220;A0152;Crítica;9.2;Qualys;Aberta;2026-03-02;;Sistema_152;Crítica;Homologação;Em desativação;A0152;Dominio_9;Curitiba;false;false;;0;
V01221;A0173;Alta;8.9;Cloud Security;Aberta;2026-07-11;;Sistema_173;Alta;Produção;Ativo;A0173;Dominio_6;Campinas;false;false;;0;
V01222;A0193;Média;5.4;Veracode;Aberta;2026-06-28;;Sistema_193;Média;Produção;Em desativação;A0193;Dominio_2;Recife;false;false;;0;
V01223;A0019;Baixa;1.8;Veracode;Corrigida;2026-05-25;2026-07-08;Sistema_19;Média;Homologação;Em desativação;A0019;Dominio_8;Curitiba;false;false;false;0;44
V01224;A0031;Média;6.0;Cloud Security;Em tratamento;2026-09-01;;Sistema_31;Alta;Desenvolvimento;Ativo;A0031;Dominio_8;São Paulo;false;false;;0;
V01225;A0086;Baixa;0.5;Qualys;Corrigida;2026-09-18;2026-11-19;Sistema_86;Média;Produção;Ativo;A0086;Dominio_3;Recife;false;false;true;0;
V01226;A0112;Média;5.6;Cloud Security;Em tratamento;2026-03-21;;Sistema_112;Baixa;Homologação;Ativo;A0112;Dominio_5;Campinas;false;false;;0;
V01227;A0101;Média;4.3;Cloud Security;Aceita;2026-05-01;;Sistema_101;Média;Desenvolvimento;Ativo;A0101;Dominio_6;Recife;false;false;;0;
V01228;A0015;Alta;7.8;Veracode;Aberta;2026-06-16;;Sistema_15;Média;Homologação;Ativo;A0015;Dominio_4;Recife;false;false;;0;
V01229;A0068;Média;4.2;Cloud Security;Aceita;2026-05-05;;Sistema_68;Baixa;Desenvolvimento;Ativo;A0068;Dominio_9;Curitiba;false;false;;0;
V01230;A0145;Baixa;3.5;Qualys;Corrigida;2026-07-18;2026-07-26;Sistema_145;Baixa;Desenvolvimento;Em desativação;A0145;Dominio_2;Curitiba;false;false;false;0;8
V01231;A0017;Baixa;0.1;Veracode;Em tratamento;2026-03-25;;Sistema_17;Não Mapeado;Produção;Ativo;A0017;Dominio_6;Campinas;false;false;;0;
V01232;A0133;Média;6.8;Qualys;Aberta;2026-01-11;;Sistema_133;Baixa;Desenvolvimento;Em desativação;A0133;Dominio_2;Curitiba;false;false;;0;
V01233;A0016;Média;5.7;Cloud Security;Aceita;2026-01-17;;Sistema_16;Baixa;Homologação;Ativo;A0016;Dominio_5;Campinas;false;false;;0;
V01234;A0160;Média;6.7;Veracode;Corrigida;2026-08-10;2026-10-05;Sistema_160;Média;Desenvolvimento;Ativo;A0160;Dominio_5;Recife;false;false;true;0;
V01235;A0149;Crítica;10.0;Cloud Security;Em tratamento;2026-03-04;;Sistema_149;Crítica;Desenvolvimento;Em desativação;A0149;Dominio_6;São Paulo;false;false;;0;
V01236;A0048;Média;4.0;Qualys;Aceita;2026-07-31;;Sistema_48;Baixa;Produção;Ativo;A0048;Dominio_1;Curitiba;false;false;;0;
V01237;A0014;Média;5.1;Cloud Security;Aberta;2026-08-15;;Sistema_14;Crítica;Homologação;Ativo;A0014;Dominio_3;Campinas;false;false;;0;
V01238;A0023;Média;5.0;Qualys;Corrigida;2026-07-11;2026-07-30;Sistema_23;Média;Desenvolvimento;Em desativação;A0023;Dominio_12;Campinas;false;false;false;0;19
V01239;A0095;Baixa;2.2;Veracode;Aberta;2026-08-06;;Sistema_95;Alta;Homologação;Ativo;A0095;Dominio_12;Recife;false;false;;0;
V01240;A0171;Média;4.6;Pentest;Aceita;2026-02-28;;Sistema_171;Alta;Desenvolvimento;Em desativação;A0171;Dominio_4;São Paulo;false;false;;0;
V01241;A0024;Alta;8.2;Cloud Security;Em tratamento;2026-01-05;;Sistema_24;Baixa;Produção;Ativo;A0024;Dominio_1;São Paulo;false;false;;0;
V01242;A0077;Crítica;9.7;Veracode;Aceita;2026-01-24;;Sistema_77;Alta;Produção;Ativo;A0077;Dominio_6;Curitiba;false;false;;0;
V01243;A0086;Média;4.0;Veracode;Aberta;2026-02-12;;Sistema_86;Média;Produção;Ativo;A0086;Dominio_3;Recife;false;false;;0;
V01244;A0077;Crítica;9.9;Qualys;Corrigida;2026-01-29;2026-04-03;Sistema_77;Alta;Produção;Ativo;A0077;Dominio_6;Curitiba;false;false;false;0;64
V01245;A0159;Média;5.0;Veracode;Aceita;2026-01-01;;Sistema_159;Crítica;Homologação;Ativo;A0159;Dominio_4;Curitiba;false;false;;0;
V01246;A0042;Baixa;0.2;Cloud Security;Aceita;;;Sistema_42;Crítica;Desenvolvimento;Ativo;A0042;Dominio_7;São Paulo;false;true;;0;
V01247;A0065;Baixa;0.3;Veracode;Corrigida;2026-03-24;2026-05-21;Sistema_65;Média;Desenvolvimento;Ativo;A0065;Dominio_6;Recife;false;false;false;0;58
V01248;A0038;Baixa;3.5;Veracode;Corrigida;2026-06-27;2026-08-04;Sistema_38;Média;Desenvolvimento;Ativo;A0038;Dominio_3;Curitiba;false;false;false;0;38
V01249;A0153;Média;6.5;Cloud Security;Corrigida;2026-08-10;2026-09-24;Sistema_153;Média;Desenvolvimento;Ativo;A0153;Dominio_10;Recife;false;false;false;0;45
V01250;A0139;Baixa;3.6;Pentest;Em tratamento;2026-02-05;;Sistema_139;Média;Desenvolvimento;Em desativação;A0139;Dominio_8;Curitiba;false;false;;0;
V01251;A0173;Baixa;3.5;Veracode;Aceita;2026-04-06;;Sistema_173;Alta;Produção;Ativo;A0173;Dominio_6;Campinas;false;false;;0;
V01252;A0120;Alta;7.4;Qualys;Aberta;2026-08-12;;Sistema_120;Alta;Produção;Ativo;A0120;Dominio_1;São Paulo;false;false;;0;
V01253;A0028;Alta;7.9;Cloud Security;Corrigida;2026-03-05;2026-04-26;Sistema_28;Baixa;Produção;Em desativação;A0028;Dominio_5;Campinas;false;false;false;0;52
V01254;A0133;Média;4.8;Cloud Security;Corrigida;2026-07-29;2026-10-17;Sistema_133;Baixa;Desenvolvimento;Em desativação;A0133;Dominio_2;Curitiba;false;false;true;0;
V01255;A0141;Alta;7.3;Pentest;Corrigida;2026-04-21;2026-05-16;Sistema_141;Crítica;Produção;Ativo;A0141;Dominio_10;Curitiba;false;false;false;0;25
V01256;A0079;Alta;8.9;Cloud Security;Aberta;2026-08-11;;Sistema_79;Baixa;Desenvolvimento;Ativo;A0079;Dominio_8;Campinas;false;false;;0;
V01257;A0071;Baixa;3.1;Qualys;Aceita;2026-04-03;;Sistema_71;Média;Desenvolvimento;Ativo;A0071;Dominio_12;São Paulo;false;false;;0;
V01258;A0119;Alta;7.1;Qualys;Aceita;2026-01-21;;Sistema_119;Média;Homologação;Em desativação;A0119;Dominio_12;Campinas;false;false;;0;
V01259;A0125;Média;4.9;Cloud Security;Em tratamento;2026-03-12;;Sistema_125;Média;Homologação;Em desativação;A0125;Dominio_6;Curitiba;false;false;;0;
V01260;A0069;Alta;8.0;Cloud Security;Aceita;2026-03-19;;Sistema_69;Crítica;Homologação;Ativo;A0069;Dominio_10;Curitiba;false;false;;0;
V01261;A0025;Média;4.6;Cloud Security;Aberta;2026-08-01;;Sistema_25;Média;Desenvolvimento;Ativo;A0025;Dominio_2;São Paulo;false;false;;0;
V01262;A0158;Média;5.8;Veracode;Em tratamento;2026-06-06;;Sistema_158;Alta;Desenvolvimento;Em desativação;A0158;Dominio_3;Curitiba;false;false;;0;
V01263;A0197;Baixa;0.4;Veracode;Aceita;2026-01-26;;Sistema_197;Alta;Homologação;Ativo;A0197;Dominio_6;Curitiba;false;false;;0;
V01264;A0065;Baixa;3.1;Cloud Security;Aceita;2026-03-06;;Sistema_65;Média;Desenvolvimento;Ativo;A0065;Dominio_6;Recife;false;false;;0;
V01265;A0170;Baixa;1.1;Cloud Security;Em tratamento;2026-01-12;;Sistema_170;Média;Produção;Ativo;A0170;Dominio_3;São Paulo;false;false;;0;
V01266;A0179;Baixa;2.6;Pentest;Corrigida;2026-07-14;2026-10-10;Sistema_179;Baixa;Desenvolvimento;Em desativação;A0179;Dominio_12;Recife;false;false;true;0;
V01267;A0163;Baixa;1.8;Qualys;Em tratamento;2026-04-26;;Sistema_163;Crítica;Homologação;Em desativação;A0163;Dominio_8;Recife;false;false;;0;
V01268;A0014;Crítica;9.7;Qualys;Aceita;2026-05-16;;Sistema_14;Crítica;Homologação;Ativo;A0014;Dominio_3;Campinas;false;false;;0;
V01269;A0110;Média;6.1;Cloud Security;Aberta;2026-07-22;;Sistema_110;Baixa;Produção;Em desativação;A0110;Dominio_3;Curitiba;false;false;;0;
V01270;A0055;Baixa;1.8;Veracode;Aberta;2026-06-21;;Sistema_55;Crítica;Homologação;Ativo;A0055;Dominio_8;Campinas;false;false;;0;
V01271;A0073;Alta;7.8;Pentest;Aceita;2026-06-10;;Sistema_73;Crítica;Desenvolvimento;Em desativação;A0073;Dominio_2;Recife;false;false;;0;
V01272;A0030;Média;4.8;Veracode;Aceita;2026-07-13;;Sistema_30;Crítica;Desenvolvimento;Ativo;A0030;Dominio_7;Curitiba;false;false;;0;
V01273;A0026;Média;6.6;Qualys;Aceita;2026-08-29;;Sistema_26;Baixa;Produção;Ativo;A0026;Dominio_3;Recife;false;false;;0;
V01274;A0106;Média;5.0;Pentest;Em tratamento;2026-06-09;;Sistema_106;Crítica;Desenvolvimento;Ativo;A0106;Dominio_11;Campinas;false;false;;0;
V01275;A0200;Baixa;2.9;Qualys;Aceita;2026-05-22;;Sistema_200;Alta;Homologação;Ativo;A0200;Dominio_9;Curitiba;false;false;;0;
V01276;A0051;Alta;8.2;Pentest;Corrigida;2026-03-09;2026-03-31;Sistema_51;Média;Produção;Ativo;A0051;Dominio_4;Recife;false;false;false;0;22
V01277;A0037;Alta;8.1;Pentest;Aberta;2026-08-24;;Sistema_37;Média;Homologação;Ativo;A0037;Dominio_2;São Paulo;false;false;;0;
V01278;A0078;Média;4.5;Qualys;Aceita;;;Sistema_78;Crítica;Homologação;Ativo;A0078;Dominio_7;São Paulo;false;true;;0;
V01279;A0169;Baixa;2.8;Veracode;Em tratamento;2026-08-18;;Sistema_169;Alta;Homologação;Ativo;A0169;Dominio_2;Campinas;false;false;;0;
V01280;A0053;Alta;8.9;Pentest;Corrigida;2026-07-09;2026-07-30;Sistema_53;Baixa;Homologação;Ativo;A0053;Dominio_6;Campinas;false;false;false;0;21
V01281;A0153;Alta;8.5;Veracode;Em tratamento;2026-01-05;;Sistema_153;Média;Desenvolvimento;Ativo;A0153;Dominio_10;Recife;false;false;;0;
V01282;A0101;Baixa;1.2;Veracode;Aceita;2026-07-22;;Sistema_101;Média;Desenvolvimento;Ativo;A0101;Dominio_6;Recife;false;false;;0;
V01283;A0152;Baixa;2.6;Cloud Security;Corrigida;2026-04-10;2026-06-24;Sistema_152;Crítica;Homologação;Em desativação;A0152;Dominio_9;Curitiba;false;false;false;0;75
V01284;A0183;Baixa;2.6;Veracode;Aceita;2026-05-11;;Sistema_183;Média;Produção;Ativo;A0183;Dominio_4;Campinas;false;false;;0;
V01285;A0081;Crítica;9.2;Qualys;Aberta;2026-07-28;;Sistema_81;Alta;Homologação;Ativo;A0081;Dominio_10;São Paulo;false;false;;0;
V01286;A0151;Média;6.0;Veracode;Aberta;2026-07-08;;Sistema_151;Crítica;Produção;Ativo;A0151;Dominio_8;Recife;false;false;;0;
V01287;A0101;Média;4.9;Qualys;Aceita;2026-09-17;;Sistema_101;Média;Desenvolvimento;Ativo;A0101;Dominio_6;Recife;false;false;;0;
V01288;A0194;Média;5.7;Veracode;Corrigida;2026-04-12;2026-06-04;Sistema_194;Crítica;Desenvolvimento;Em desativação;A0194;Dominio_3;Campinas;false;false;false;0;53
V01289;A0166;Alta;7.2;Cloud Security;Aceita;2026-03-18;;Sistema_166;Média;Desenvolvimento;Ativo;A0166;Dominio_11;Curitiba;false;false;;0;
V01290;A0090;Crítica;9.5;Cloud Security;Corrigida;2026-02-17;2026-02-19;Sistema_90;Crítica;Desenvolvimento;Ativo;A0090;Dominio_7;São Paulo;false;false;false;0;2
V01291;A0149;Baixa;0.2;Qualys;Em tratamento;2026-02-27;;Sistema_149;Crítica;Desenvolvimento;Em desativação;A0149;Dominio_6;São Paulo;false;false;;0;
V01292;A0074;Média;5.7;Cloud Security;Em tratamento;2026-05-17;;Sistema_74;Baixa;Produção;Em desativação;A0074;Dominio_3;São Paulo;false;false;;0;
V01293;A0053;Média;5.5;Pentest;Corrigida;2026-02-25;2026-04-10;Sistema_53;Baixa;Homologação;Ativo;A0053;Dominio_6;Campinas;false;false;false;0;44
V01294;A0033;Baixa;3.2;Cloud Security;Em tratamento;2026-05-15;;Sistema_33;Média;Homologação;Ativo;A0033;Dominio_10;Campinas;false;false;;0;
V01295;A0131;Alta;7.9;Qualys;Aceita;2026-01-26;;Sistema_131;Baixa;Produção;Ativo;A0131;Dominio_12;Curitiba;false;false;;0;
V01296;A0186;Crítica;9.8;Cloud Security;Aceita;2026-05-10;;Sistema_186;Média;Desenvolvimento;Ativo;A0186;Dominio_7;Campinas;false;false;;0;
V01297;A0050;Crítica;9.5;Veracode;Aberta;2026-04-19;;Sistema_50;Média;Homologação;Em desativação;A0050;Dominio_3;Campinas;false;false;;0;
V01298;A0065;Média;4.1;Qualys;Em tratamento;2026-02-22;;Sistema_65;Média;Desenvolvimento;Ativo;A0065;Dominio_6;Recife;false;false;;0;
V01299;A0087;Alta;7.0;Veracode;Aceita;2026-04-21;;Sistema_87;Alta;Produção;Ativo;A0087;Dominio_4;Recife;false;false;;0;
V01300;A0108;Média;6.4;Cloud Security;Aberta;2026-09-12;;Sistema_108;Crítica;Desenvolvimento;Ativo;A0108;Dominio_1;Campinas;false;false;;0;
V01302;A0083;Baixa;0.5;Pentest;Em tratamento;2026-04-25;;Sistema_83;Alta;Homologação;Em desativação;A0083;Dominio_12;Curitiba;false;false;;0;
V01303;A0033;Média;4.7;Pentest;Aceita;2026-05-11;;Sistema_33;Média;Homologação;Ativo;A0033;Dominio_10;Campinas;false;false;;0;
V01304;A0151;Alta;8.0;Pentest;Corrigida;2026-01-10;2026-04-06;Sistema_151;Crítica;Produção;Ativo;A0151;Dominio_8;Recife;false;false;false;0;86
V01305;A0165;Média;6.8;Cloud Security;Aceita;2026-05-03;;Sistema_165;Média;Homologação;Em desativação;A0165;Dominio_10;Curitiba;false;false;;0;
V01306;A0064;Crítica;9.9;Veracode;Aceita;2026-09-12;;Sistema_64;Crítica;Homologação;Ativo;A0064;Dominio_5;Campinas;false;false;;0;
V01307;A0030;Alta;7.0;Pentest;Corrigida;2026-08-21;2026-10-18;Sistema_30;Crítica;Desenvolvimento;Ativo;A0030;Dominio_7;Curitiba;false;false;true;0;
V01308;A0073;Baixa;1.4;Veracode;Aberta;2026-05-11;;Sistema_73;Crítica;Desenvolvimento;Em desativação;A0073;Dominio_2;Recife;false;false;;0;
V01309;A0008;Média;6.4;Pentest;Aceita;2026-07-07;;Sistema_8;Alta;Produção;Ativo;A0008;Dominio_9;São Paulo;false;false;;0;
V01310;A0184;Alta;8.7;Pentest;Aceita;2026-02-05;;Sistema_184;Crítica;Produção;Em desativação;A0184;Dominio_5;Recife;false;false;;0;
V01311;A0066;Baixa;1.2;Cloud Security;Corrigida;2026-08-07;2026-09-13;Sistema_66;Crítica;Homologação;Ativo;A0066;Dominio_7;Campinas;false;false;false;0;37
V01312;A0132;Alta;7.1;Veracode;Aberta;2026-05-10;;Sistema_132;Crítica;Desenvolvimento;Ativo;A0132;Dominio_1;Curitiba;false;false;;0;
V01313;A0103;Média;4.4;Pentest;Em tratamento;2026-05-09;;Sistema_103;Alta;Homologação;Ativo;A0103;Dominio_8;Curitiba;false;false;;0;
V01314;A0150;Baixa;3.2;Veracode;Aceita;2026-07-04;;Sistema_150;Média;Homologação;Ativo;A0150;Dominio_7;Curitiba;false;false;;0;
V01315;A0085;Baixa;2.3;Veracode;Aberta;2026-09-14;;Sistema_85;Baixa;Produção;Ativo;A0085;Dominio_2;Recife;false;false;;0;
V01316;A0045;Média;5.5;Qualys;Aceita;2026-03-19;;Sistema_45;Média;Desenvolvimento;Ativo;A0045;Dominio_10;Curitiba;false;false;;0;
V01317;A0166;Baixa;3.5;Pentest;Corrigida;2026-01-05;2026-03-17;Sistema_166;Média;Desenvolvimento;Ativo;A0166;Dominio_11;Curitiba;false;false;false;0;71
V01318;A0091;Média;6.2;Veracode;Aceita;2026-05-20;;Sistema_91;Crítica;Desenvolvimento;Em desativação;A0091;Dominio_8;Curitiba;false;false;;0;
V01319;A0018;Média;4.7;Veracode;Corrigida;2026-09-10;2026-09-11;Sistema_18;Média;Produção;Ativo;A0018;Dominio_7;Recife;false;false;false;0;1
V01320;A0148;Crítica;10.0;Cloud Security;Aberta;2026-01-22;;Sistema_148;Alta;Produção;Ativo;A0148;Dominio_5;São Paulo;false;false;;0;
V01321;A0023;Baixa;2.5;Veracode;Aberta;2026-08-26;;Sistema_23;Média;Desenvolvimento;Em desativação;A0023;Dominio_12;Campinas;false;false;;0;
V01322;A0051;Média;6.6;Cloud Security;Corrigida;2026-01-12;2026-02-16;Sistema_51;Média;Produção;Ativo;A0051;Dominio_4;Recife;false;false;false;0;35
V01323;A0097;Alta;7.5;Cloud Security;Em tratamento;2026-02-03;;Sistema_97;Crítica;Homologação;Ativo;A0097;Dominio_2;São Paulo;false;false;;0;
V01324;A0197;Baixa;3.7;Qualys;Aberta;2026-01-15;;Sistema_197;Alta;Homologação;Ativo;A0197;Dominio_6;Curitiba;false;false;;0;
V01325;A0183;Baixa;2.7;Cloud Security;Corrigida;2026-05-15;2026-06-29;Sistema_183;Média;Produção;Ativo;A0183;Dominio_4;Campinas;false;false;false;0;45
V01326;A0145;Alta;7.8;Cloud Security;Em tratamento;2026-06-21;;Sistema_145;Baixa;Desenvolvimento;Em desativação;A0145;Dominio_2;Curitiba;false;false;;0;
V01327;A0113;Baixa;3.4;Pentest;Aberta;2026-06-10;;Sistema_113;Baixa;Produção;Ativo;A0113;Dominio_6;Campinas;false;false;;0;
V01328;A0048;Média;5.6;Qualys;Aceita;2026-07-12;;Sistema_48;Baixa;Produção;Ativo;A0048;Dominio_1;Curitiba;false;false;;0;
V01329;A0045;Baixa;1.7;Veracode;Em tratamento;2026-05-06;;Sistema_45;Média;Desenvolvimento;Ativo;A0045;Dominio_10;Curitiba;false;false;;0;
V01330;A0040;Baixa;2.2;Qualys;Aceita;2026-01-17;;Sistema_40;Média;Produção;Ativo;A0040;Dominio_5;Campinas;false;false;;0;
V01331;A0036;Alta;7.9;Pentest;Aberta;2026-06-19;;Sistema_36;Crítica;Homologação;Em desativação;A0036;Dominio_1;Recife;false;false;;0;
V01332;A0120;Baixa;1.5;Qualys;Corrigida;2026-02-22;2026-04-06;Sistema_120;Alta;Produção;Ativo;A0120;Dominio_1;São Paulo;false;false;false;0;43
V01333;A0095;Baixa;3.6;Veracode;Em tratamento;2026-04-16;;Sistema_95;Alta;Homologação;Ativo;A0095;Dominio_12;Recife;false;false;;0;
V01334;A0117;Média;6.0;Qualys;Aceita;2026-09-07;;Sistema_117;Média;Homologação;Ativo;A0117;Dominio_10;Curitiba;false;false;;0;
V01335;A0023;Alta;8.9;Cloud Security;Em tratamento;;;Sistema_23;Média;Desenvolvimento;Em desativação;A0023;Dominio_12;Campinas;false;true;;0;
V01336;A0034;Baixa;3.5;Veracode;Em tratamento;2026-04-22;;Sistema_34;Não Mapeado;Produção;Em desativação;A0034;Dominio_11;Curitiba;false;false;;0;
V01337;A0083;Baixa;1.7;Qualys;Em tratamento;2026-07-21;;Sistema_83;Alta;Homologação;Em desativação;A0083;Dominio_12;Curitiba;false;false;;0;
V01338;A0006;Média;5.6;Qualys;Aceita;2026-01-21;;Sistema_6;Baixa;Produção;Ativo;A0006;Dominio_7;São Paulo;false;false;;0;
V01339;A0004;Média;6.1;Veracode;Em tratamento;2026-04-03;;Sistema_4;Alta;Homologação;Ativo;A0004;Dominio_5;Campinas;false;false;;0;
V01340;A0001;Baixa;1.4;Qualys;Aceita;2026-05-28;;Sistema_1;Crítica;Homologação;Em desativação;A0001;Dominio_2;São Paulo;false;false;;0;
V01341;A0070;Média;4.9;Veracode;Aceita;2026-03-31;;Sistema_70;Média;Homologação;Ativo;A0070;Dominio_11;Recife;false;false;;0;
V01342;A0162;Média;5.7;Veracode;Aberta;2026-03-29;;Sistema_162;Média;Produção;Em desativação;A0162;Dominio_7;Recife;false;false;;0;
V01343;A0002;Alta;7.8;Cloud Security;Corrigida;2026-07-06;2026-08-22;Sistema_2;Média;Produção;Em desativação;A0002;Dominio_3;São Paulo;false;false;false;0;47
V01344;A0008;Média;5.4;Cloud Security;Aberta;2026-05-28;;Sistema_8;Alta;Produção;Ativo;A0008;Dominio_9;São Paulo;false;false;;0;
V01345;A0092;Baixa;0.5;Pentest;Corrigida;2026-04-03;2026-04-25;Sistema_92;Alta;Homologação;Em desativação;A0092;Dominio_9;Curitiba;false;false;false;0;22
V01346;A0159;Baixa;3.6;Qualys;Em tratamento;2026-09-17;;Sistema_159;Crítica;Homologação;Ativo;A0159;Dominio_4;Curitiba;false;false;;0;
V01347;A0032;Alta;8.8;Qualys;Aceita;2026-02-01;;Sistema_32;Baixa;Desenvolvimento;Ativo;A0032;Dominio_9;Campinas;false;false;;0;
V01348;A0087;Baixa;3.8;Veracode;Corrigida;2026-07-18;2026-10-15;Sistema_87;Alta;Produção;Ativo;A0087;Dominio_4;Recife;false;false;true;0;
V01349;A0044;Baixa;0.6;Veracode;Aceita;;;Sistema_44;Alta;Produção;Ativo;A0044;Dominio_9;Campinas;false;true;;0;
V01350;A0094;Média;5.9;Qualys;Em tratamento;2026-02-18;;Sistema_94;Média;Produção;Ativo;A0094;Dominio_11;São Paulo;false;false;;0;
V01351;A0132;Baixa;2.3;Cloud Security;Em tratamento;2026-02-12;;Sistema_132;Crítica;Desenvolvimento;Ativo;A0132;Dominio_1;Curitiba;false;false;;0;
V01352;A0187;Baixa;1.8;Cloud Security;Corrigida;2026-05-04;2026-06-12;Sistema_187;Não Mapeado;Homologação;Ativo;A0187;Dominio_8;Campinas;false;false;false;0;39
V01353;A0192;Baixa;1.1;Pentest;Em tratamento;2026-05-01;;Sistema_192;Baixa;Homologação;Em desativação;A0192;Dominio_1;Campinas;false;false;;0;
V01354;A0116;Alta;7.3;Pentest;Em tratamento;2026-04-09;;Sistema_116;Crítica;Produção;Ativo;A0116;Dominio_9;Campinas;false;false;;0;
V01355;A0017;Média;6.9;Cloud Security;Aceita;2026-05-13;;Sistema_17;Não Mapeado;Produção;Ativo;A0017;Dominio_6;Campinas;false;false;;0;
V01356;A0147;Média;4.7;Qualys;Em tratamento;2026-08-29;;Sistema_147;Média;Desenvolvimento;Ativo;A0147;Dominio_4;Campinas;false;false;;0;
V01357;A0164;Baixa;2.3;Qualys;Corrigida;2026-04-27;2026-05-04;Sistema_164;Crítica;Produção;Ativo;A0164;Dominio_9;São Paulo;false;false;false;0;7
V01358;A0073;Baixa;2.7;Pentest;Em tratamento;2026-06-05;;Sistema_73;Crítica;Desenvolvimento;Em desativação;A0073;Dominio_2;Recife;false;false;;0;
V01359;A0119;Baixa;0.3;Pentest;Aceita;2026-01-05;;Sistema_119;Média;Homologação;Em desativação;A0119;Dominio_12;Campinas;false;false;;0;
V01360;A0123;Crítica;9.2;Qualys;Corrigida;2026-06-12;2026-07-27;Sistema_123;Baixa;Produção;Ativo;A0123;Dominio_4;Curitiba;false;false;false;0;45
V01361;A0053;Baixa;3.2;Qualys;Aceita;2026-08-30;;Sistema_53;Baixa;Homologação;Ativo;A0053;Dominio_6;Campinas;false;false;;0;
V01362;A0139;Baixa;1.9;Cloud Security;Aceita;2026-08-19;;Sistema_139;Média;Desenvolvimento;Em desativação;A0139;Dominio_8;Curitiba;false;false;;0;
V01363;A0116;Média;4.6;Pentest;Aberta;2026-06-29;;Sistema_116;Crítica;Produção;Ativo;A0116;Dominio_9;Campinas;false;false;;0;
V01364;A0056;Média;5.0;Pentest;Aceita;2026-07-22;;Sistema_56;Baixa;Produção;Ativo;A0056;Dominio_9;Recife;false;false;;0;
V01365;A0099;Média;5.2;Cloud Security;Em tratamento;2026-08-18;;Sistema_99;Alta;Produção;Ativo;A0099;Dominio_4;Recife;false;false;;0;
V01366;A0192;Baixa;1.2;Pentest;Aberta;2026-07-22;;Sistema_192;Baixa;Homologação;Em desativação;A0192;Dominio_1;Campinas;false;false;;0;
V01367;A0025;Crítica;9.7;Veracode;Corrigida;2026-08-16;2026-09-05;Sistema_25;Média;Desenvolvimento;Ativo;A0025;Dominio_2;São Paulo;false;false;false;0;20
V01368;A0175;Média;5.6;Pentest;Aberta;2026-08-14;;Sistema_175;Crítica;Homologação;Ativo;A0175;Dominio_8;São Paulo;false;false;;0;
V01369;A0197;Média;6.8;Veracode;Aberta;2026-02-23;;Sistema_197;Alta;Homologação;Ativo;A0197;Dominio_6;Curitiba;false;false;;0;
V01370;A0086;Baixa;3.2;Veracode;Em tratamento;2026-06-21;;Sistema_86;Média;Produção;Ativo;A0086;Dominio_3;Recife;false;false;;0;
V01371;A0053;Baixa;0.3;Qualys;Aceita;2026-08-31;;Sistema_53;Baixa;Homologação;Ativo;A0053;Dominio_6;Campinas;false;false;;0;
V01372;A0113;Média;6.6;Qualys;Aceita;2026-04-20;;Sistema_113;Baixa;Produção;Ativo;A0113;Dominio_6;Campinas;false;false;;0;
V01373;A0117;Alta;7.0;Cloud Security;Aberta;2026-02-15;;Sistema_117;Média;Homologação;Ativo;A0117;Dominio_10;Curitiba;false;false;;0;
V01374;A0160;Crítica;9.4;Veracode;Em tratamento;2026-06-19;;Sistema_160;Média;Desenvolvimento;Ativo;A0160;Dominio_5;Recife;false;false;;0;
V01375;A0176;Baixa;0.5;Cloud Security;Aceita;2026-07-11;;Sistema_176;Baixa;Produção;Ativo;A0176;Dominio_9;Curitiba;false;false;;0;
V01376;A0082;Média;5.2;Qualys;Em tratamento;2026-08-02;;Sistema_82;Média;Produção;Ativo;A0082;Dominio_11;São Paulo;false;false;;0;
V01377;A0103;Média;6.4;Qualys;Em tratamento;2026-08-06;;Sistema_103;Alta;Homologação;Ativo;A0103;Dominio_8;Curitiba;false;false;;0;
V01378;A0148;Baixa;1.2;Veracode;Aceita;2026-07-12;;Sistema_148;Alta;Produção;Ativo;A0148;Dominio_5;São Paulo;false;false;;0;
V01379;A0060;Alta;7.5;Qualys;Em tratamento;2026-06-25;;Sistema_60;Média;Não Mapeado;Ativo;A0060;Dominio_1;Curitiba;false;false;;0;
V01380;A0033;Baixa;0.2;Pentest;Aceita;2026-01-29;;Sistema_33;Média;Homologação;Ativo;A0033;Dominio_10;Campinas;false;false;;0;
V01381;A0170;Crítica;9.9;Pentest;Aberta;2026-07-02;;Sistema_170;Média;Produção;Ativo;A0170;Dominio_3;São Paulo;false;false;;0;
V01382;A0045;Baixa;3.8;Veracode;Aberta;2026-09-18;;Sistema_45;Média;Desenvolvimento;Ativo;A0045;Dominio_10;Curitiba;false;false;;0;
V01383;A0023;Alta;7.9;Cloud Security;Aceita;2026-02-07;;Sistema_23;Média;Desenvolvimento;Em desativação;A0023;Dominio_12;Campinas;false;false;;0;
V01384;A0181;Média;6.4;Pentest;Aceita;2026-05-07;;Sistema_181;Crítica;Produção;Em desativação;A0181;Dominio_2;Campinas;false;false;;0;
V01385;A0020;Baixa;2.3;Veracode;Em tratamento;2026-06-09;;Sistema_20;Alta;Produção;Em desativação;A0020;Dominio_9;Recife;false;false;;0;
V01386;A0105;Média;6.2;Veracode;Aceita;2026-06-27;;Sistema_105;Média;Homologação;Em desativação;A0105;Dominio_10;Curitiba;false;false;;0;
V01387;A0195;Crítica;9.5;Veracode;Aceita;2026-04-01;;Sistema_195;Alta;Produção;Ativo;A0195;Dominio_4;São Paulo;false;false;;0;
V01388;A0139;Média;5.1;Veracode;Em tratamento;2026-08-29;;Sistema_139;Média;Desenvolvimento;Em desativação;A0139;Dominio_8;Curitiba;false;false;;0;
V01389;A0179;Baixa;0.5;Pentest;Em tratamento;2026-06-20;;Sistema_179;Baixa;Desenvolvimento;Em desativação;A0179;Dominio_12;Recife;false;false;;0;
V01390;A0175;Média;6.7;Pentest;Corrigida;2026-03-17;2026-03-25;Sistema_175;Crítica;Homologação;Ativo;A0175;Dominio_8;São Paulo;false;false;false;0;8
V01391;A0166;Baixa;1.0;Cloud Security;Em tratamento;2026-03-10;;Sistema_166;Média;Desenvolvimento;Ativo;A0166;Dominio_11;Curitiba;false;false;;0;
V01392;A0058;Baixa;0.9;Pentest;Em tratamento;2026-09-02;;Sistema_58;Baixa;Homologação;Ativo;A0058;Dominio_11;Recife;false;false;;0;
V01393;A0042;Média;6.6;Qualys;Corrigida;2026-01-20;2026-02-23;Sistema_42;Crítica;Desenvolvimento;Ativo;A0042;Dominio_7;São Paulo;false;false;false;0;34
V01394;A0132;Média;4.4;Pentest;Aberta;2026-08-03;;Sistema_132;Crítica;Desenvolvimento;Ativo;A0132;Dominio_1;Curitiba;false;false;;0;
V01395;A0063;Baixa;3.5;Veracode;Corrigida;2026-01-02;2026-03-10;Sistema_63;Alta;Homologação;Ativo;A0063;Dominio_4;Campinas;false;false;false;0;67
V01396;A0158;Alta;7.3;Cloud Security;Em tratamento;2026-02-10;;Sistema_158;Alta;Desenvolvimento;Em desativação;A0158;Dominio_3;Curitiba;false;false;;0;
V01397;A0198;Baixa;3.1;Pentest;Aberta;2026-04-26;;Sistema_198;Baixa;Desenvolvimento;Em desativação;A0198;Dominio_7;São Paulo;false;false;;0;
V01398;A0008;Baixa;1.7;Qualys;Corrigida;2026-03-20;2026-04-15;Sistema_8;Alta;Produção;Ativo;A0008;Dominio_9;São Paulo;false;false;false;0;26
V01399;A0114;Média;4.0;Veracode;Aberta;2026-05-31;;Sistema_114;Alta;Produção;Ativo;A0114;Dominio_7;Campinas;false;false;;0;
V01400;A0102;Baixa;3.7;Pentest;Aberta;2026-06-28;;Sistema_102;Crítica;Produção;Ativo;A0102;Dominio_7;São Paulo;false;false;;0;
V01401;A0111;Baixa;1.3;Qualys;Aceita;2026-04-28;;Sistema_111;Crítica;Produção;Ativo;A0111;Dominio_4;Curitiba;false;false;;0;
V01402;A0175;Alta;8.0;Pentest;Aceita;2026-09-04;;Sistema_175;Crítica;Homologação;Ativo;A0175;Dominio_8;São Paulo;false;false;;0;
V01403;A0141;Baixa;3.7;Pentest;Aberta;2026-01-24;;Sistema_141;Crítica;Produção;Ativo;A0141;Dominio_10;Curitiba;false;false;;0;
V01404;A0154;Baixa;0.6;Veracode;Aberta;2026-07-11;;Sistema_154;Média;Desenvolvimento;Ativo;A0154;Dominio_11;Recife;false;false;;0;
V01405;A0095;Baixa;3.8;Qualys;Aceita;2026-02-06;;Sistema_95;Alta;Homologação;Ativo;A0095;Dominio_12;Recife;false;false;;0;
V01406;A0116;Alta;8.4;Pentest;Corrigida;2026-08-23;2026-10-21;Sistema_116;Crítica;Produção;Ativo;A0116;Dominio_9;Campinas;false;false;true;0;
V01407;A0118;Crítica;9.3;Pentest;Aceita;2026-08-22;;Sistema_118;Baixa;Produção;Ativo;A0118;Dominio_11;Campinas;false;false;;0;
V01408;A0063;Média;4.0;Veracode;Aceita;2026-01-30;;Sistema_63;Alta;Homologação;Ativo;A0063;Dominio_4;Campinas;false;false;;0;
V01409;A0150;Média;4.4;Veracode;Em tratamento;2026-07-07;;Sistema_150;Média;Homologação;Ativo;A0150;Dominio_7;Curitiba;false;false;;0;
V01410;A0121;Média;4.9;Cloud Security;Em tratamento;2026-03-16;;Sistema_121;Crítica;Homologação;Ativo;A0121;Dominio_2;Recife;false;false;;0;
V01411;A0195;Alta;7.8;Qualys;Em tratamento;2026-08-23;;Sistema_195;Alta;Produção;Ativo;A0195;Dominio_4;São Paulo;false;false;;0;
V01412;A0111;Baixa;1.5;Pentest;Aceita;2026-05-22;;Sistema_111;Crítica;Produção;Ativo;A0111;Dominio_4;Curitiba;false;false;;0;
V01413;A0006;Média;4.9;Cloud Security;Em tratamento;2026-06-04;;Sistema_6;Baixa;Produção;Ativo;A0006;Dominio_7;São Paulo;false;false;;0;
V01414;A0147;Baixa;3.0;Pentest;Aceita;2026-02-09;;Sistema_147;Média;Desenvolvimento;Ativo;A0147;Dominio_4;Campinas;false;false;;0;
V01415;A0053;Crítica;9.4;Qualys;Em tratamento;2026-04-09;;Sistema_53;Baixa;Homologação;Ativo;A0053;Dominio_6;Campinas;false;false;;0;
V01416;A0031;Baixa;3.8;Pentest;Corrigida;2026-05-06;2026-07-18;Sistema_31;Alta;Desenvolvimento;Ativo;A0031;Dominio_8;São Paulo;false;false;false;0;73
V01417;A0175;Média;6.6;Pentest;Aceita;2026-09-05;;Sistema_175;Crítica;Homologação;Ativo;A0175;Dominio_8;São Paulo;false;false;;0;
V01418;A0141;Baixa;1.6;Veracode;Em tratamento;2026-03-26;;Sistema_141;Crítica;Produção;Ativo;A0141;Dominio_10;Curitiba;false;false;;0;
V01419;A0177;Baixa;3.4;Qualys;Corrigida;2026-09-06;2026-10-05;Sistema_177;Crítica;Desenvolvimento;Ativo;A0177;Dominio_10;São Paulo;false;false;true;0;
V01420;A0102;Média;6.0;Cloud Security;Em tratamento;;;Sistema_102;Crítica;Produção;Ativo;A0102;Dominio_7;São Paulo;false;true;;0;
V01421;A0130;Alta;7.1;Veracode;Aceita;2026-06-18;;Sistema_130;Baixa;Produção;Ativo;A0130;Dominio_11;Recife;false;false;;0;
V01422;A0138;Alta;8.6;Qualys;Corrigida;2026-02-11;2026-03-29;Sistema_138;Baixa;Desenvolvimento;Em desativação;A0138;Dominio_7;Recife;false;false;false;0;46
V01423;A0089;Alta;8.6;Pentest;Aberta;2026-05-05;;Sistema_89;Média;Produção;Ativo;A0089;Dominio_6;Recife;false;false;;0;
V01424;A0033;Baixa;3.6;Qualys;Corrigida;;2026-04-12;Sistema_33;Média;Homologação;Ativo;A0033;Dominio_10;Campinas;false;true;false;0;
V01425;A0173;Alta;8.4;Qualys;Em tratamento;2026-01-02;;Sistema_173;Alta;Produção;Ativo;A0173;Dominio_6;Campinas;false;false;;0;
V01426;A0029;Média;4.3;Cloud Security;Corrigida;2026-06-30;2026-08-23;Sistema_29;Média;Produção;Em desativação;A0029;Dominio_6;Curitiba;false;false;false;0;54
V01427;A0079;Alta;8.8;Cloud Security;Aceita;2026-01-11;;Sistema_79;Baixa;Desenvolvimento;Ativo;A0079;Dominio_8;Campinas;false;false;;0;
V01428;A0147;Média;5.7;Qualys;Aberta;2026-04-01;;Sistema_147;Média;Desenvolvimento;Ativo;A0147;Dominio_4;Campinas;false;false;;0;
V01429;A0142;Alta;8.3;Pentest;Aceita;2026-01-02;;Sistema_142;Média;Homologação;Ativo;A0142;Dominio_11;Recife;false;false;;0;
V01430;A0146;Alta;7.3;Pentest;Em tratamento;2026-03-01;;Sistema_146;Crítica;Homologação;Em desativação;A0146;Dominio_3;Campinas;false;false;;0;
V01431;A0080;Média;5.6;Pentest;Aceita;2026-08-31;;Sistema_80;Crítica;Produção;Ativo;A0080;Dominio_9;Recife;false;false;;0;
V01432;A0082;Baixa;3.2;Veracode;Aceita;2026-09-14;;Sistema_82;Média;Produção;Ativo;A0082;Dominio_11;São Paulo;false;false;;0;
V01433;A0152;Baixa;2.2;Qualys;Aceita;2026-02-01;;Sistema_152;Crítica;Homologação;Em desativação;A0152;Dominio_9;Curitiba;false;false;;0;
V01434;A0016;Crítica;9.2;Veracode;Aceita;2026-05-10;;Sistema_16;Baixa;Homologação;Ativo;A0016;Dominio_5;Campinas;false;false;;0;
V01435;A0039;Baixa;0.5;Cloud Security;Aceita;2026-01-16;;Sistema_39;Crítica;Desenvolvimento;Ativo;A0039;Dominio_4;Campinas;false;false;;0;
V01436;A0086;Média;5.7;Qualys;Corrigida;2026-02-23;2026-03-12;Sistema_86;Média;Produção;Ativo;A0086;Dominio_3;Recife;false;false;false;0;17
V01437;A0191;Média;4.4;Veracode;Aceita;2026-06-25;;Sistema_191;Baixa;Homologação;Em desativação;A0191;Dominio_12;Campinas;false;false;;0;
V01438;A0041;Baixa;3.1;Veracode;Aberta;2026-05-07;;Sistema_41;Alta;Homologação;Em desativação;A0041;Dominio_6;Campinas;false;false;;0;
V01439;A0148;Alta;8.0;Veracode;Aberta;2026-09-16;;Sistema_148;Alta;Produção;Ativo;A0148;Dominio_5;São Paulo;false;false;;0;
V01440;A0093;Baixa;0.5;Cloud Security;Corrigida;2026-04-14;2026-06-24;Sistema_93;Alta;Produção;Ativo;A0093;Dominio_10;Curitiba;false;false;false;0;71
V01441;A0185;Alta;8.1;Cloud Security;Em tratamento;2026-04-02;;Sistema_185;Média;Produção;Ativo;A0185;Dominio_6;Curitiba;false;false;;0;
V01442;A0012;Baixa;1.6;Veracode;Corrigida;2026-09-14;2026-10-02;Sistema_12;Baixa;Desenvolvimento;Em desativação;A0012;Dominio_1;Recife;false;false;false;0;18
V01443;A0019;Alta;7.5;Cloud Security;Aberta;2026-08-15;;Sistema_19;Média;Homologação;Em desativação;A0019;Dominio_8;Curitiba;false;false;;0;
V01444;A0093;Crítica;9.7;Cloud Security;Em tratamento;2026-05-13;;Sistema_93;Alta;Produção;Ativo;A0093;Dominio_10;Curitiba;false;false;;0;
V01445;A0080;Baixa;3.2;Qualys;Em tratamento;2026-09-08;;Sistema_80;Crítica;Produção;Ativo;A0080;Dominio_9;Recife;false;false;;0;
V01446;A0044;Média;5.3;Veracode;Corrigida;2026-09-14;2026-12-10;Sistema_44;Alta;Produção;Ativo;A0044;Dominio_9;Campinas;false;false;true;0;
V01447;A0073;Baixa;1.4;Qualys;Em tratamento;2026-09-07;;Sistema_73;Crítica;Desenvolvimento;Em desativação;A0073;Dominio_2;Recife;false;false;;0;
V01448;A0062;Alta;7.8;Cloud Security;Aberta;2026-02-09;;Sistema_62;Baixa;Desenvolvimento;Em desativação;A0062;Dominio_3;São Paulo;false;false;;0;
V01449;A0143;Média;4.3;Veracode;Aceita;2026-02-13;;Sistema_143;Média;Homologação;Ativo;A0143;Dominio_12;Curitiba;false;false;;0;
V01450;A0163;Média;5.3;Qualys;Corrigida;2026-01-29;2026-04-29;Sistema_163;Crítica;Homologação;Em desativação;A0163;Dominio_8;Recife;false;false;false;0;90
V01451;A0010;Baixa;1.7;Veracode;Em tratamento;2026-08-13;;Sistema_10;Baixa;Produção;Ativo;A0010;Dominio_11;Campinas;false;false;;0;
V01452;A0052;Crítica;9.8;Pentest;Corrigida;2026-09-08;2026-11-21;Sistema_52;Alta;Produção;Ativo;A0052;Dominio_5;Recife;false;false;true;0;
V01453;A0117;Alta;8.6;Qualys;Corrigida;2026-09-03;2026-11-28;Sistema_117;Média;Homologação;Ativo;A0117;Dominio_10;Curitiba;false;false;true;0;
V01454;A0041;Baixa;2.2;Veracode;Corrigida;2026-01-07;2026-03-22;Sistema_41;Alta;Homologação;Em desativação;A0041;Dominio_6;Campinas;false;false;false;0;74
V01455;A0065;Baixa;2.4;Veracode;Em tratamento;2026-07-28;;Sistema_65;Média;Desenvolvimento;Ativo;A0065;Dominio_6;Recife;false;false;;0;
V01456;A0134;Baixa;1.9;Qualys;Corrigida;2026-05-16;2026-07-08;Sistema_134;Baixa;Desenvolvimento;Ativo;A0134;Dominio_3;Campinas;false;false;false;0;53
V01457;A0084;Baixa;2.2;Cloud Security;Aberta;2026-05-15;;Sistema_84;Alta;Desenvolvimento;Em desativação;A0084;Dominio_1;Recife;false;false;;0;
V01458;A0009;Alta;8.9;Pentest;Aceita;2026-02-10;;Sistema_9;Baixa;Desenvolvimento;Ativo;A0009;Dominio_10;Recife;false;false;;0;
V01459;A0099;Baixa;1.8;Pentest;Aberta;2026-05-01;;Sistema_99;Alta;Produção;Ativo;A0099;Dominio_4;Recife;false;false;;0;
V01460;A0042;Baixa;1.5;Veracode;Corrigida;2026-08-13;2026-08-19;Sistema_42;Crítica;Desenvolvimento;Ativo;A0042;Dominio_7;São Paulo;false;false;false;0;6
V01461;A0072;Alta;7.6;Pentest;Corrigida;2026-05-01;2026-05-27;Sistema_72;Baixa;Desenvolvimento;Ativo;A0072;Dominio_1;Campinas;false;false;false;0;26
V01462;A0028;Baixa;0.1;Pentest;Corrigida;2026-03-05;2026-04-01;Sistema_28;Baixa;Produção;Em desativação;A0028;Dominio_5;Campinas;false;false;false;0;27
V01463;A0074;Média;6.5;Qualys;Corrigida;2026-04-01;2026-06-03;Sistema_74;Baixa;Produção;Em desativação;A0074;Dominio_3;São Paulo;false;false;false;0;63
V01464;A0116;Média;5.3;Veracode;Aceita;2026-04-23;;Sistema_116;Crítica;Produção;Ativo;A0116;Dominio_9;Campinas;false;false;;0;
V01465;A0110;Média;5.0;Cloud Security;Aceita;2026-08-21;;Sistema_110;Baixa;Produção;Em desativação;A0110;Dominio_3;Curitiba;false;false;;0;
V01466;A0026;Alta;8.6;Cloud Security;Em tratamento;2026-09-15;;Sistema_26;Baixa;Produção;Ativo;A0026;Dominio_3;Recife;false;false;;0;
V01467;A0091;Média;6.5;Veracode;Aberta;2026-01-12;;Sistema_91;Crítica;Desenvolvimento;Em desativação;A0091;Dominio_8;Curitiba;false;false;;0;
V01468;A0191;Baixa;1.2;Pentest;Aceita;2026-01-28;;Sistema_191;Baixa;Homologação;Em desativação;A0191;Dominio_12;Campinas;false;false;;0;
V01469;A0033;Alta;8.5;Pentest;Aberta;2026-08-04;;Sistema_33;Média;Homologação;Ativo;A0033;Dominio_10;Campinas;false;false;;0;
V01470;A0170;Baixa;3.9;Qualys;Em tratamento;2026-02-18;;Sistema_170;Média;Produção;Ativo;A0170;Dominio_3;São Paulo;false;false;;0;
V01471;A0192;Baixa;3.4;Veracode;Em tratamento;2026-08-03;;Sistema_192;Baixa;Homologação;Em desativação;A0192;Dominio_1;Campinas;false;false;;0;
V01472;A0130;Baixa;1.7;Cloud Security;Em tratamento;2026-07-08;;Sistema_130;Baixa;Produção;Ativo;A0130;Dominio_11;Recife;false;false;;0;
V01473;A0141;Baixa;3.6;Veracode;Em tratamento;2026-01-23;;Sistema_141;Crítica;Produção;Ativo;A0141;Dominio_10;Curitiba;false;false;;0;
V01474;A0115;Baixa;1.1;Cloud Security;Aberta;2026-01-09;;Sistema_115;Crítica;Produção;Ativo;A0115;Dominio_8;São Paulo;false;false;;0;
V01475;A0077;Baixa;1.5;Pentest;Aberta;2026-09-08;;Sistema_77;Alta;Produção;Ativo;A0077;Dominio_6;Curitiba;false;false;;0;
V01476;A0087;Alta;8.8;Cloud Security;Aberta;2026-08-22;;Sistema_87;Alta;Produção;Ativo;A0087;Dominio_4;Recife;false;false;;0;
V01477;A0004;Média;5.3;Veracode;Aceita;2026-08-19;;Sistema_4;Alta;Homologação;Ativo;A0004;Dominio_5;Campinas;false;false;;0;
V01478;A0028;Crítica;9.1;Pentest;Aceita;2026-07-16;;Sistema_28;Baixa;Produção;Em desativação;A0028;Dominio_5;Campinas;false;false;;0;
V01479;A0069;Alta;7.2;Cloud Security;Aceita;2026-01-16;;Sistema_69;Crítica;Homologação;Ativo;A0069;Dominio_10;Curitiba;false;false;;0;
V01480;A0035;Alta;7.0;Veracode;Aberta;2026-03-22;;Sistema_35;Baixa;Produção;Em desativação;A0035;Dominio_12;Curitiba;false;false;;0;
V01481;A0044;Média;6.3;Qualys;Aceita;2026-05-19;;Sistema_44;Alta;Produção;Ativo;A0044;Dominio_9;Campinas;false;false;;0;
V01482;A0011;Média;5.7;Pentest;Corrigida;2026-02-07;2026-03-30;Sistema_11;Baixa;Produção;Ativo;A0011;Dominio_12;Campinas;false;false;false;0;51
V01483;A0059;Crítica;9.1;Cloud Security;Em tratamento;2026-04-14;;Sistema_59;Alta;Desenvolvimento;Ativo;A0059;Dominio_12;Recife;false;false;;0;
V01484;A0101;Baixa;1.0;Veracode;Corrigida;2026-02-21;2026-03-01;Sistema_101;Média;Desenvolvimento;Ativo;A0101;Dominio_6;Recife;false;false;false;0;8
V01485;A0118;Alta;7.3;Veracode;Aceita;2026-05-06;;Sistema_118;Baixa;Produção;Ativo;A0118;Dominio_11;Campinas;false;false;;0;
V01486;A0088;Baixa;3.5;Pentest;Em tratamento;2026-02-01;;Sistema_88;Crítica;Homologação;Ativo;A0088;Dominio_5;Campinas;false;false;;0;
V01487;A0071;Baixa;0.3;Pentest;Em tratamento;2026-09-10;;Sistema_71;Média;Desenvolvimento;Ativo;A0071;Dominio_12;São Paulo;false;false;;0;
V01488;A0050;Baixa;0.9;Cloud Security;Corrigida;2026-01-15;2026-04-13;Sistema_50;Média;Homologação;Em desativação;A0050;Dominio_3;Campinas;false;false;false;0;88
V01489;A0040;Média;6.9;Qualys;Em tratamento;2026-07-05;;Sistema_40;Média;Produção;Ativo;A0040;Dominio_5;Campinas;false;false;;0;
V01490;A0177;Crítica;9.4;Cloud Security;Aceita;2026-06-10;;Sistema_177;Crítica;Desenvolvimento;Ativo;A0177;Dominio_10;São Paulo;false;false;;0;
V01491;A0003;Baixa;3.1;Veracode;Corrigida;;2026-07-03;Sistema_3;Média;Homologação;Ativo;A0003;Dominio_4;São Paulo;false;true;false;0;
V01492;A0120;Baixa;0.8;Qualys;Corrigida;2026-04-18;2026-04-23;Sistema_120;Alta;Produção;Ativo;A0120;Dominio_1;São Paulo;false;false;false;0;5
V01493;A0120;Alta;7.1;Veracode;Aceita;2026-03-29;;Sistema_120;Alta;Produção;Ativo;A0120;Dominio_1;São Paulo;false;false;;0;
V01494;A0046;Baixa;0.2;Cloud Security;Em tratamento;2026-07-25;;Sistema_46;Baixa;Homologação;Ativo;A0046;Dominio_11;Recife;false;false;;0;
V01495;A0073;Baixa;3.6;Qualys;Aberta;2026-07-21;;Sistema_73;Crítica;Desenvolvimento;Em desativação;A0073;Dominio_2;Recife;false;false;;0;
V01496;A0139;Crítica;9.9;Pentest;Em tratamento;2026-01-02;;Sistema_139;Média;Desenvolvimento;Em desativação;A0139;Dominio_8;Curitiba;false;false;;0;
V01497;A0010;Baixa;3.3;Pentest;Corrigida;2026-07-06;2026-08-06;Sistema_10;Baixa;Produção;Ativo;A0010;Dominio_11;Campinas;false;false;false;0;31
V01498;A0130;Baixa;2.0;Veracode;Corrigida;2026-08-09;2026-10-11;Sistema_130;Baixa;Produção;Ativo;A0130;Dominio_11;Recife;false;false;true;0;
V01499;A0113;Baixa;3.2;Cloud Security;Aceita;2026-03-02;;Sistema_113;Baixa;Produção;Ativo;A0113;Dominio_6;Campinas;false;false;;0;
V01500;A0056;Baixa;2.6;Veracode;Em tratamento;2026-09-07;;Sistema_56;Baixa;Produção;Ativo;A0056;Dominio_9;Recife;false;false;;0;
V01501;A0096;Média;5.7;Qualys;Em tratamento;2026-04-19;;Sistema_96;Baixa;Produção;Ativo;A0096;Dominio_1;São Paulo;false;false;;0;
V01502;A0049;Média;5.3;Qualys;Em tratamento;2026-05-03;;Sistema_49;Baixa;Homologação;Ativo;A0049;Dominio_2;São Paulo;false;false;;0;
V01503;A0183;Alta;8.0;Pentest;Aberta;2026-03-20;;Sistema_183;Média;Produção;Ativo;A0183;Dominio_4;Campinas;false;false;;0;
V01504;A0168;Crítica;9.1;Pentest;Aceita;2026-06-16;;Sistema_168;Baixa;Homologação;Ativo;A0168;Dominio_1;São Paulo;false;false;;0;
V01505;A0037;Média;4.4;Veracode;Aceita;2026-01-31;;Sistema_37;Média;Homologação;Ativo;A0037;Dominio_2;São Paulo;false;false;;0;
V01506;A0065;Média;4.0;Veracode;Aceita;2026-01-31;;Sistema_65;Média;Desenvolvimento;Ativo;A0065;Dominio_6;Recife;false;false;;0;
V01507;A0071;Média;4.5;Qualys;Em tratamento;2026-03-01;;Sistema_71;Média;Desenvolvimento;Ativo;A0071;Dominio_12;São Paulo;false;false;;0;
V01508;A0081;Baixa;1.5;Qualys;Corrigida;2026-03-10;2026-06-07;Sistema_81;Alta;Homologação;Ativo;A0081;Dominio_10;São Paulo;false;false;false;0;89
V01509;A0137;Média;6.1;Pentest;Aberta;2026-01-31;;Sistema_137;Alta;Desenvolvimento;Ativo;A0137;Dominio_6;São Paulo;false;false;;0;
V01510;A0087;Média;5.4;Veracode;Aberta;2026-05-23;;Sistema_87;Alta;Produção;Ativo;A0087;Dominio_4;Recife;false;false;;0;
V01511;A0075;Média;5.9;Pentest;Aberta;2026-07-19;;Sistema_75;Baixa;Desenvolvimento;Ativo;A0075;Dominio_4;Campinas;false;false;;0;
V01512;A0155;Crítica;9.5;Veracode;Aceita;2026-07-28;;Sistema_155;Alta;Produção;Ativo;A0155;Dominio_12;São Paulo;false;false;;0;
V01513;A0132;Crítica;9.2;Veracode;Corrigida;;2026-08-30;Sistema_132;Crítica;Desenvolvimento;Ativo;A0132;Dominio_1;Curitiba;false;true;false;0;
V01514;A0112;Baixa;1.3;Qualys;Aberta;2026-03-28;;Sistema_112;Baixa;Homologação;Ativo;A0112;Dominio_5;Campinas;false;false;;0;
V01515;A0153;Média;6.7;Cloud Security;Aceita;2026-08-25;;Sistema_153;Média;Desenvolvimento;Ativo;A0153;Dominio_10;Recife;false;false;;0;
V01516;A0111;Baixa;1.6;Pentest;Em tratamento;2026-01-12;;Sistema_111;Crítica;Produção;Ativo;A0111;Dominio_4;Curitiba;false;false;;0;
V01517;A0161;Média;6.4;Qualys;Em tratamento;2026-05-26;;Sistema_161;Crítica;Homologação;Em desativação;A0161;Dominio_6;Recife;false;false;;0;
V01518;A0021;Baixa;2.3;Pentest;Em tratamento;2026-01-31;;Sistema_21;Baixa;Produção;Ativo;A0021;Dominio_10;São Paulo;false;false;;0;
V01519;A0060;Baixa;0.4;Pentest;Aberta;2026-09-04;;Sistema_60;Média;Não Mapeado;Ativo;A0060;Dominio_1;Curitiba;false;false;;0;
V01520;A0150;Média;4.4;Pentest;Aberta;2026-08-20;;Sistema_150;Média;Homologação;Ativo;A0150;Dominio_7;Curitiba;false;false;;0;
V01521;A0132;Alta;8.6;Cloud Security;Em tratamento;2026-08-27;;Sistema_132;Crítica;Desenvolvimento;Ativo;A0132;Dominio_1;Curitiba;false;false;;0;
V01522;A0066;Baixa;0.2;Veracode;Aberta;2026-09-08;;Sistema_66;Crítica;Homologação;Ativo;A0066;Dominio_7;Campinas;false;false;;0;
V01523;A0188;Crítica;9.2;Cloud Security;Aceita;2026-07-06;;Sistema_188;Crítica;Desenvolvimento;Ativo;A0188;Dominio_9;Recife;false;false;;0;
V01524;A0103;Média;5.6;Veracode;Aceita;2026-07-18;;Sistema_103;Alta;Homologação;Ativo;A0103;Dominio_8;Curitiba;false;false;;0;
V01525;A0111;Crítica;9.8;Veracode;Em tratamento;2026-02-18;;Sistema_111;Crítica;Produção;Ativo;A0111;Dominio_4;Curitiba;false;false;;0;
V01526;A0125;Baixa;1.3;Cloud Security;Aceita;2026-05-27;;Sistema_125;Média;Homologação;Em desativação;A0125;Dominio_6;Curitiba;false;false;;0;
V01527;A0127;Crítica;9.5;Pentest;Aceita;2026-03-24;;Sistema_127;Baixa;Homologação;Ativo;A0127;Dominio_8;São Paulo;false;false;;0;
V01528;A0193;Baixa;0.9;Cloud Security;Aberta;2026-04-17;;Sistema_193;Média;Produção;Em desativação;A0193;Dominio_2;Recife;false;false;;0;
V01529;A0001;Baixa;1.0;Pentest;Aceita;2026-07-22;;Sistema_1;Crítica;Homologação;Em desativação;A0001;Dominio_2;São Paulo;false;false;;0;
V01530;A0155;Média;4.7;Pentest;Aberta;2026-08-26;;Sistema_155;Alta;Produção;Ativo;A0155;Dominio_12;São Paulo;false;false;;0;
V01531;A0196;Baixa;1.2;Veracode;Corrigida;2026-06-10;2026-08-24;Sistema_196;Baixa;Desenvolvimento;Ativo;A0196;Dominio_5;Recife;false;false;false;0;75
V01532;A0117;Baixa;2.1;Veracode;Aceita;2026-03-30;;Sistema_117;Média;Homologação;Ativo;A0117;Dominio_10;Curitiba;false;false;;0;
V01533;A0154;Baixa;2.4;Qualys;Aceita;2026-03-17;;Sistema_154;Média;Desenvolvimento;Ativo;A0154;Dominio_11;Recife;false;false;;0;
V01534;A0028;Alta;8.4;Qualys;Em tratamento;2026-03-27;;Sistema_28;Baixa;Produção;Em desativação;A0028;Dominio_5;Campinas;false;false;;0;
V01535;A0165;Alta;8.3;Cloud Security;Aceita;2026-09-09;;Sistema_165;Média;Homologação;Em desativação;A0165;Dominio_10;Curitiba;false;false;;0;
V01536;A0039;Média;6.7;Cloud Security;Aceita;2026-05-19;;Sistema_39;Crítica;Desenvolvimento;Ativo;A0039;Dominio_4;Campinas;false;false;;0;
V01537;A0007;Alta;8.8;Veracode;Em tratamento;2026-04-05;;Sistema_7;Baixa;Produção;Ativo;A0007;Dominio_8;São Paulo;false;false;;0;
V01538;A0198;Média;6.5;Qualys;Aceita;2026-04-28;;Sistema_198;Baixa;Desenvolvimento;Em desativação;A0198;Dominio_7;São Paulo;false;false;;0;
V01539;A0190;Alta;8.1;Qualys;Aberta;2026-01-19;;Sistema_190;Alta;Homologação;Ativo;A0190;Dominio_11;Curitiba;false;false;;0;
V01540;A0038;Baixa;2.4;Cloud Security;Em tratamento;2026-07-06;;Sistema_38;Média;Desenvolvimento;Ativo;A0038;Dominio_3;Curitiba;false;false;;0;
V01541;A0040;Média;4.8;Veracode;Aceita;2026-06-28;;Sistema_40;Média;Produção;Ativo;A0040;Dominio_5;Campinas;false;false;;0;
V01542;A0076;Baixa;3.0;Cloud Security;Aceita;2026-05-28;;Sistema_76;Baixa;Produção;Ativo;A0076;Dominio_5;Curitiba;false;false;;0;
V01543;A0156;Alta;8.8;Veracode;Corrigida;2026-01-24;2026-03-27;Sistema_156;Média;Produção;Ativo;A0156;Dominio_1;Curitiba;false;false;false;0;62
V01544;A0070;Média;6.5;Qualys;Aberta;2026-01-16;;Sistema_70;Média;Homologação;Ativo;A0070;Dominio_11;Recife;false;false;;0;
V01545;A0071;Média;6.5;Veracode;Corrigida;2026-07-14;2026-07-16;Sistema_71;Média;Desenvolvimento;Ativo;A0071;Dominio_12;São Paulo;false;false;false;0;2
V01546;A0047;Crítica;9.9;Veracode;Aceita;2026-01-18;;Sistema_47;Média;Desenvolvimento;Ativo;A0047;Dominio_12;Recife;false;false;;0;
V01547;A0091;Alta;8.5;Veracode;Corrigida;2026-07-06;2026-09-05;Sistema_91;Crítica;Desenvolvimento;Em desativação;A0091;Dominio_8;Curitiba;false;false;false;0;61
V01548;A0178;Baixa;1.5;Cloud Security;Aberta;2026-04-11;;Sistema_178;Alta;Produção;Ativo;A0178;Dominio_11;São Paulo;false;false;;0;
V01549;A0011;Baixa;2.7;Cloud Security;Aberta;2026-04-23;;Sistema_11;Baixa;Produção;Ativo;A0011;Dominio_12;Campinas;false;false;;0;
V01550;A0072;Baixa;2.2;Cloud Security;Aberta;2026-04-11;;Sistema_72;Baixa;Desenvolvimento;Ativo;A0072;Dominio_1;Campinas;false;false;;0;
V01551;A0196;Baixa;2.4;Veracode;Corrigida;2026-05-24;2026-06-22;Sistema_196;Baixa;Desenvolvimento;Ativo;A0196;Dominio_5;Recife;false;false;false;0;29
V01552;A0180;Média;4.3;Cloud Security;Aceita;2026-08-08;;Sistema_180;Baixa;Desenvolvimento;Em desativação;A0180;Dominio_1;São Paulo;false;false;;0;
V01553;A0092;Baixa;3.9;Pentest;Aberta;2026-04-17;;Sistema_92;Alta;Homologação;Em desativação;A0092;Dominio_9;Curitiba;false;false;;0;
V01554;A0196;Baixa;1.8;Pentest;Aceita;2026-01-02;;Sistema_196;Baixa;Desenvolvimento;Ativo;A0196;Dominio_5;Recife;false;false;;0;
V01555;A0197;Crítica;9.8;Veracode;Em tratamento;2026-09-07;;Sistema_197;Alta;Homologação;Ativo;A0197;Dominio_6;Curitiba;false;false;;0;
V01556;A0048;Média;6.6;Veracode;Em tratamento;2026-05-19;;Sistema_48;Baixa;Produção;Ativo;A0048;Dominio_1;Curitiba;false;false;;0;
V01557;A0176;Baixa;3.8;Pentest;Aceita;2026-02-01;;Sistema_176;Baixa;Produção;Ativo;A0176;Dominio_9;Curitiba;false;false;;0;
V01558;A0029;Baixa;3.3;Qualys;Em tratamento;2026-07-02;;Sistema_29;Média;Produção;Em desativação;A0029;Dominio_6;Curitiba;false;false;;0;
V01559;A0096;Média;5.8;Cloud Security;Aberta;2026-06-02;;Sistema_96;Baixa;Produção;Ativo;A0096;Dominio_1;São Paulo;false;false;;0;
V01560;A0113;Baixa;0.3;Pentest;Em tratamento;2026-08-18;;Sistema_113;Baixa;Produção;Ativo;A0113;Dominio_6;Campinas;false;false;;0;
V01561;A0120;Alta;7.0;Pentest;Corrigida;2026-01-29;2026-04-25;Sistema_120;Alta;Produção;Ativo;A0120;Dominio_1;São Paulo;false;false;false;0;86
V01562;A0107;Baixa;2.7;Cloud Security;Corrigida;;2026-05-25;Sistema_107;Média;Desenvolvimento;Ativo;A0107;Dominio_12;São Paulo;false;true;false;0;
V01563;A0019;Baixa;3.2;Pentest;Em tratamento;2026-02-04;;Sistema_19;Média;Homologação;Em desativação;A0019;Dominio_8;Curitiba;false;false;;0;
V01564;A0055;Baixa;1.8;Pentest;Aceita;2026-09-10;;Sistema_55;Crítica;Homologação;Ativo;A0055;Dominio_8;Campinas;false;false;;0;
V01565;A0020;Média;4.0;Qualys;Corrigida;2026-07-18;2026-08-13;Sistema_20;Alta;Produção;Em desativação;A0020;Dominio_9;Recife;false;false;false;0;26
V01566;A0198;Alta;7.6;Veracode;Corrigida;2026-04-25;2026-06-06;Sistema_198;Baixa;Desenvolvimento;Em desativação;A0198;Dominio_7;São Paulo;false;false;false;0;42
V01567;A0065;Alta;7.2;Pentest;Aceita;2026-07-06;;Sistema_65;Média;Desenvolvimento;Ativo;A0065;Dominio_6;Recife;false;false;;0;
V01568;A0024;Baixa;3.6;Cloud Security;Em tratamento;2026-07-07;;Sistema_24;Baixa;Produção;Ativo;A0024;Dominio_1;São Paulo;false;false;;0;
V01569;A0059;Média;6.2;Pentest;Aceita;2026-08-26;;Sistema_59;Alta;Desenvolvimento;Ativo;A0059;Dominio_12;Recife;false;false;;0;
V01570;A0150;Baixa;1.5;Veracode;Em tratamento;2026-07-16;;Sistema_150;Média;Homologação;Ativo;A0150;Dominio_7;Curitiba;false;false;;0;
V01571;A0059;Baixa;0.8;Pentest;Em tratamento;2026-01-25;;Sistema_59;Alta;Desenvolvimento;Ativo;A0059;Dominio_12;Recife;false;false;;0;
V01572;A0089;Média;4.8;Pentest;Em tratamento;2026-04-23;;Sistema_89;Média;Produção;Ativo;A0089;Dominio_6;Recife;false;false;;0;
V01573;A0159;Baixa;2.4;Pentest;Aceita;2026-02-22;;Sistema_159;Crítica;Homologação;Ativo;A0159;Dominio_4;Curitiba;false;false;;0;
V01574;A0178;Alta;7.5;Cloud Security;Aberta;2026-02-01;;Sistema_178;Alta;Produção;Ativo;A0178;Dominio_11;São Paulo;false;false;;0;
V01575;A0064;Baixa;1.2;Qualys;Corrigida;2026-01-13;2026-01-15;Sistema_64;Crítica;Homologação;Ativo;A0064;Dominio_5;Campinas;false;false;false;0;2
V01576;A0101;Baixa;3.9;Pentest;Aberta;2026-09-09;;Sistema_101;Média;Desenvolvimento;Ativo;A0101;Dominio_6;Recife;false;false;;0;
V01577;A0127;Média;5.3;Pentest;Aceita;2026-07-28;;Sistema_127;Baixa;Homologação;Ativo;A0127;Dominio_8;São Paulo;false;false;;0;
V01578;A0024;Crítica;9.9;Pentest;Em tratamento;2026-01-28;;Sistema_24;Baixa;Produção;Ativo;A0024;Dominio_1;São Paulo;false;false;;0;
V01579;A0173;Baixa;1.8;Pentest;Em tratamento;2026-03-16;;Sistema_173;Alta;Produção;Ativo;A0173;Dominio_6;Campinas;false;false;;0;
V01580;A0133;Baixa;2.6;Pentest;Corrigida;2026-06-26;2026-08-21;Sistema_133;Baixa;Desenvolvimento;Em desativação;A0133;Dominio_2;Curitiba;false;false;false;0;56
V01581;A0029;Baixa;0.3;Veracode;Aberta;2026-08-14;;Sistema_29;Média;Produção;Em desativação;A0029;Dominio_6;Curitiba;false;false;;0;
V01582;A0148;Média;5.4;Cloud Security;Aceita;2026-05-24;;Sistema_148;Alta;Produção;Ativo;A0148;Dominio_5;São Paulo;false;false;;0;
V01583;A0029;Baixa;3.6;Veracode;Corrigida;2026-04-17;2026-07-08;Sistema_29;Média;Produção;Em desativação;A0029;Dominio_6;Curitiba;false;false;false;0;82
V01584;A0032;Média;4.4;Veracode;Aberta;2026-02-17;;Sistema_32;Baixa;Desenvolvimento;Ativo;A0032;Dominio_9;Campinas;false;false;;0;
V01585;A0173;Baixa;3.1;Pentest;Em tratamento;2026-05-19;;Sistema_173;Alta;Produção;Ativo;A0173;Dominio_6;Campinas;false;false;;0;
V01586;A0186;Baixa;1.7;Qualys;Corrigida;2026-01-11;2026-02-26;Sistema_186;Média;Desenvolvimento;Ativo;A0186;Dominio_7;Campinas;false;false;false;0;46
V01587;A0002;Alta;7.7;Veracode;Corrigida;2026-05-12;2026-07-10;Sistema_2;Média;Produção;Em desativação;A0002;Dominio_3;São Paulo;false;false;false;0;59
V01588;A0167;Alta;8.6;Pentest;Aceita;2026-02-27;;Sistema_167;Alta;Produção;Ativo;A0167;Dominio_12;Recife;false;false;;0;
V01589;A0051;Baixa;2.1;Veracode;Corrigida;2026-05-30;2026-07-23;Sistema_51;Média;Produção;Ativo;A0051;Dominio_4;Recife;false;false;false;0;54
V01590;A0007;Baixa;1.1;Qualys;Corrigida;2026-04-13;2026-06-16;Sistema_7;Baixa;Produção;Ativo;A0007;Dominio_8;São Paulo;false;false;false;0;64
V01591;A0136;Média;4.4;Qualys;Aceita;2026-04-25;;Sistema_136;Não Mapeado;Produção;Ativo;A0136;Dominio_5;Curitiba;false;false;;0;
V01592;A0092;Alta;7.9;Qualys;Aceita;2026-08-03;;Sistema_92;Alta;Homologação;Em desativação;A0092;Dominio_9;Curitiba;false;false;;0;
V01593;A0022;Alta;7.3;Cloud Security;Corrigida;2026-02-06;2026-02-17;Sistema_22;Baixa;Produção;Ativo;A0022;Dominio_11;São Paulo;false;false;false;0;11
V01594;A0068;Baixa;2.0;Pentest;Aberta;2026-02-25;;Sistema_68;Baixa;Desenvolvimento;Ativo;A0068;Dominio_9;Curitiba;false;false;;0;
V01595;A0043;Baixa;3.3;Cloud Security;Aceita;2026-02-26;;Sistema_43;Alta;Produção;Ativo;A0043;Dominio_8;Curitiba;false;false;;0;
V01596;A0067;Média;5.5;Veracode;Corrigida;2026-02-18;2026-04-30;Sistema_67;Baixa;Homologação;Ativo;A0067;Dominio_8;Recife;false;false;false;0;71
V01597;A0062;Baixa;1.9;Cloud Security;Em tratamento;2026-03-18;;Sistema_62;Baixa;Desenvolvimento;Em desativação;A0062;Dominio_3;São Paulo;false;false;;0;
V01598;A0027;Baixa;1.7;Qualys;Aceita;2026-01-09;;Sistema_27;Baixa;Produção;Ativo;A0027;Dominio_4;Campinas;false;false;;0;
V01599;A0037;Baixa;2.3;Veracode;Aberta;2026-06-25;;Sistema_37;Média;Homologação;Ativo;A0037;Dominio_2;São Paulo;false;false;;0;
V01600;A0016;Baixa;2.5;Pentest;Em tratamento;2026-02-14;;Sistema_16;Baixa;Homologação;Ativo;A0016;Dominio_5;Campinas;false;false;;0;
V01601;A0193;Baixa;3.6;Qualys;Aceita;2026-03-19;;Sistema_193;Média;Produção;Em desativação;A0193;Dominio_2;Recife;false;false;;0;
V01602;A0129;Baixa;2.0;Pentest;Aberta;;;Sistema_129;Alta;Homologação;Ativo;A0129;Dominio_10;Campinas;false;true;;0;
V01603;A0079;Alta;7.4;Veracode;Aberta;2026-06-26;;Sistema_79;Baixa;Desenvolvimento;Ativo;A0079;Dominio_8;Campinas;false;false;;0;
V01604;A0108;Baixa;3.3;Qualys;Aberta;2026-07-03;;Sistema_108;Crítica;Desenvolvimento;Ativo;A0108;Dominio_1;Campinas;false;false;;0;
V01605;A0022;Crítica;9.7;Cloud Security;Em tratamento;2026-04-14;;Sistema_22;Baixa;Produção;Ativo;A0022;Dominio_11;São Paulo;false;false;;0;
V01606;A0171;Baixa;1.8;Pentest;Aberta;2026-01-28;;Sistema_171;Alta;Desenvolvimento;Em desativação;A0171;Dominio_4;São Paulo;false;false;;0;
V01607;A0098;Baixa;3.4;Veracode;Em tratamento;2026-02-15;;Sistema_98;Crítica;Homologação;Ativo;A0098;Dominio_3;Recife;false;false;;0;
V01608;A0011;Alta;7.5;Qualys;Corrigida;2026-03-12;2026-04-09;Sistema_11;Baixa;Produção;Ativo;A0011;Dominio_12;Campinas;false;false;false;0;28
V01609;A0184;Crítica;9.0;Pentest;Aberta;2026-03-01;;Sistema_184;Crítica;Produção;Em desativação;A0184;Dominio_5;Recife;false;false;;0;
V01610;A0145;Média;4.7;Pentest;Em tratamento;2026-06-12;;Sistema_145;Baixa;Desenvolvimento;Em desativação;A0145;Dominio_2;Curitiba;false;false;;0;
V01611;A0123;Baixa;0.9;Pentest;Em tratamento;2026-09-12;;Sistema_123;Baixa;Produção;Ativo;A0123;Dominio_4;Curitiba;false;false;;0;
V01612;A0084;Baixa;2.7;Qualys;Em tratamento;2026-04-14;;Sistema_84;Alta;Desenvolvimento;Em desativação;A0084;Dominio_1;Recife;false;false;;0;
V01613;A0042;Média;6.8;Veracode;Corrigida;2026-04-13;2026-05-25;Sistema_42;Crítica;Desenvolvimento;Ativo;A0042;Dominio_7;São Paulo;false;false;false;0;42
V01614;A0067;Crítica;9.9;Veracode;Aceita;2026-07-15;;Sistema_67;Baixa;Homologação;Ativo;A0067;Dominio_8;Recife;false;false;;0;
V01615;A0108;Alta;7.5;Cloud Security;Em tratamento;2026-01-30;;Sistema_108;Crítica;Desenvolvimento;Ativo;A0108;Dominio_1;Campinas;false;false;;0;
V01616;A0158;Baixa;2.6;Pentest;Em tratamento;2026-07-29;;Sistema_158;Alta;Desenvolvimento;Em desativação;A0158;Dominio_3;Curitiba;false;false;;0;
V01617;A0005;Alta;7.2;Veracode;Aceita;2026-08-28;;Sistema_5;Alta;Produção;Ativo;A0005;Dominio_6;Recife;false;false;;0;
V01618;A0060;Crítica;9.7;Pentest;Aceita;2026-06-29;;Sistema_60;Média;Não Mapeado;Ativo;A0060;Dominio_1;Curitiba;false;false;;0;
V01619;A0135;Alta;8.8;Cloud Security;Aberta;2026-07-29;;Sistema_135;Alta;Produção;Ativo;A0135;Dominio_4;Recife;false;false;;0;
V01620;A0095;Baixa;0.7;Pentest;Corrigida;2026-08-18;2026-11-10;Sistema_95;Alta;Homologação;Ativo;A0095;Dominio_12;Recife;false;false;true;0;
V01621;A0007;Média;5.7;Pentest;Corrigida;2026-05-26;2026-07-30;Sistema_7;Baixa;Produção;Ativo;A0007;Dominio_8;São Paulo;false;false;false;0;65
V01622;A0053;Crítica;9.6;Qualys;Em tratamento;2026-03-23;;Sistema_53;Baixa;Homologação;Ativo;A0053;Dominio_6;Campinas;false;false;;0;
V01623;A0144;Média;5.0;Veracode;Aceita;2026-05-09;;Sistema_144;Crítica;Desenvolvimento;Ativo;A0144;Dominio_1;Curitiba;false;false;;0;
V01624;A0194;Baixa;1.9;Qualys;Em tratamento;2026-08-11;;Sistema_194;Crítica;Desenvolvimento;Em desativação;A0194;Dominio_3;Campinas;false;false;;0;
V01625;A0042;Baixa;1.1;Pentest;Aceita;2026-08-31;;Sistema_42;Crítica;Desenvolvimento;Ativo;A0042;Dominio_7;São Paulo;false;false;;0;
V01626;A0062;Baixa;2.8;Qualys;Em tratamento;2026-04-12;;Sistema_62;Baixa;Desenvolvimento;Em desativação;A0062;Dominio_3;São Paulo;false;false;;0;
V01627;A0131;Baixa;0.6;Pentest;Em tratamento;2026-04-28;;Sistema_131;Baixa;Produção;Ativo;A0131;Dominio_12;Curitiba;false;false;;0;
V01628;A0143;Crítica;9.0;Veracode;Corrigida;2026-07-09;2026-07-30;Sistema_143;Média;Homologação;Ativo;A0143;Dominio_12;Curitiba;false;false;false;0;21
V01629;A0097;Média;5.5;Cloud Security;Aberta;2026-02-27;;Sistema_97;Crítica;Homologação;Ativo;A0097;Dominio_2;São Paulo;false;false;;0;
V01630;A0169;Alta;8.2;Qualys;Aceita;2026-08-05;;Sistema_169;Alta;Homologação;Ativo;A0169;Dominio_2;Campinas;false;false;;0;
V01631;A0037;Baixa;3.3;Qualys;Aceita;2026-02-12;;Sistema_37;Média;Homologação;Ativo;A0037;Dominio_2;São Paulo;false;false;;0;
V01632;A0067;Crítica;9.5;Cloud Security;Aberta;2026-04-28;;Sistema_67;Baixa;Homologação;Ativo;A0067;Dominio_8;Recife;false;false;;0;
V01633;A0052;Média;4.1;Pentest;Em tratamento;;;Sistema_52;Alta;Produção;Ativo;A0052;Dominio_5;Recife;false;true;;0;
V01634;A0042;Média;6.7;Qualys;Aberta;2026-03-06;;Sistema_42;Crítica;Desenvolvimento;Ativo;A0042;Dominio_7;São Paulo;false;false;;0;
V01635;A0028;Média;5.3;Veracode;Aceita;2026-06-09;;Sistema_28;Baixa;Produção;Em desativação;A0028;Dominio_5;Campinas;false;false;;0;
V01636;A0023;Média;5.7;Cloud Security;Aberta;2026-08-08;;Sistema_23;Média;Desenvolvimento;Em desativação;A0023;Dominio_12;Campinas;false;false;;0;
V01637;A0127;Baixa;3.6;Qualys;Corrigida;2026-01-07;2026-04-07;Sistema_127;Baixa;Homologação;Ativo;A0127;Dominio_8;São Paulo;false;false;false;0;90
V01638;A0057;Alta;8.0;Cloud Security;Aceita;2026-01-27;;Sistema_57;Crítica;Homologação;Ativo;A0057;Dominio_10;Campinas;false;false;;0;
V01639;A0113;Média;5.6;Veracode;Aceita;2026-07-29;;Sistema_113;Baixa;Produção;Ativo;A0113;Dominio_6;Campinas;false;false;;0;
V01640;A0176;Crítica;9.8;Pentest;Aceita;2026-07-25;;Sistema_176;Baixa;Produção;Ativo;A0176;Dominio_9;Curitiba;false;false;;0;
V01641;A0044;Baixa;3.8;Qualys;Em tratamento;2026-03-24;;Sistema_44;Alta;Produção;Ativo;A0044;Dominio_9;Campinas;false;false;;0;
V01642;A0172;Crítica;9.4;Qualys;Em tratamento;2026-07-13;;Sistema_172;Baixa;Homologação;Ativo;A0172;Dominio_5;Recife;false;false;;0;
V01643;A0186;Média;4.3;Veracode;Corrigida;2026-08-23;2026-09-29;Sistema_186;Média;Desenvolvimento;Ativo;A0186;Dominio_7;Campinas;false;false;false;0;37
V01644;A0036;Baixa;2.7;Cloud Security;Em tratamento;2026-02-04;;Sistema_36;Crítica;Homologação;Em desativação;A0036;Dominio_1;Recife;false;false;;0;
V01645;A0095;Baixa;1.7;Pentest;Em tratamento;2026-06-21;;Sistema_95;Alta;Homologação;Ativo;A0095;Dominio_12;Recife;false;false;;0;
V01646;A0148;Média;6.3;Pentest;Aberta;2026-05-02;;Sistema_148;Alta;Produção;Ativo;A0148;Dominio_5;São Paulo;false;false;;0;
V01647;A0046;Baixa;3.5;Cloud Security;Corrigida;2026-02-14;2026-04-28;Sistema_46;Baixa;Homologação;Ativo;A0046;Dominio_11;Recife;false;false;false;0;73
V01648;A0095;Baixa;2.1;Veracode;Aceita;2026-09-17;;Sistema_95;Alta;Homologação;Ativo;A0095;Dominio_12;Recife;false;false;;0;
V01649;A0085;Média;6.3;Veracode;Aceita;2026-07-03;;Sistema_85;Baixa;Produção;Ativo;A0085;Dominio_2;Recife;false;false;;0;
V01650;A0145;Baixa;3.7;Cloud Security;Em tratamento;2026-07-29;;Sistema_145;Baixa;Desenvolvimento;Em desativação;A0145;Dominio_2;Curitiba;false;false;;0;
V01651;A0158;Baixa;3.9;Cloud Security;Em tratamento;2026-07-24;;Sistema_158;Alta;Desenvolvimento;Em desativação;A0158;Dominio_3;Curitiba;false;false;;0;
V01652;A0140;Crítica;9.8;Cloud Security;Aceita;2026-08-26;;Sistema_140;Baixa;Desenvolvimento;Ativo;A0140;Dominio_9;São Paulo;false;false;;0;
V01653;A0135;Baixa;2.1;Veracode;Aberta;2026-04-05;;Sistema_135;Alta;Produção;Ativo;A0135;Dominio_4;Recife;false;false;;0;
V01654;A0178;Média;4.7;Pentest;Aberta;2026-03-30;;Sistema_178;Alta;Produção;Ativo;A0178;Dominio_11;São Paulo;false;false;;0;
V01655;A0046;Baixa;3.6;Pentest;Corrigida;2026-01-18;2026-03-15;Sistema_46;Baixa;Homologação;Ativo;A0046;Dominio_11;Recife;false;false;false;0;56
V01656;A0195;Baixa;1.1;Qualys;Corrigida;2026-04-24;2026-05-25;Sistema_195;Alta;Produção;Ativo;A0195;Dominio_4;São Paulo;false;false;false;0;31
V01657;A0170;Baixa;3.9;Cloud Security;Aberta;2026-02-20;;Sistema_170;Média;Produção;Ativo;A0170;Dominio_3;São Paulo;false;false;;0;
V01658;A0099;Média;4.7;Qualys;Corrigida;2026-01-24;2026-01-28;Sistema_99;Alta;Produção;Ativo;A0099;Dominio_4;Recife;false;false;false;0;4
V01659;A0196;Crítica;9.6;Cloud Security;Aberta;2026-09-13;;Sistema_196;Baixa;Desenvolvimento;Ativo;A0196;Dominio_5;Recife;false;false;;0;
V01660;A0112;Média;4.7;Veracode;Aceita;2026-08-24;;Sistema_112;Baixa;Homologação;Ativo;A0112;Dominio_5;Campinas;false;false;;0;
V01661;A0181;Alta;8.8;Pentest;Aberta;2026-08-14;;Sistema_181;Crítica;Produção;Em desativação;A0181;Dominio_2;Campinas;false;false;;0;
V01662;A0058;Baixa;0.4;Veracode;Corrigida;2026-08-03;2026-09-20;Sistema_58;Baixa;Homologação;Ativo;A0058;Dominio_11;Recife;false;false;false;0;48
V01663;A0093;Baixa;3.3;Veracode;Aceita;2026-09-05;;Sistema_93;Alta;Produção;Ativo;A0093;Dominio_10;Curitiba;false;false;;0;
V01664;A0017;Alta;7.6;Cloud Security;Aceita;2026-05-12;;Sistema_17;Não Mapeado;Produção;Ativo;A0017;Dominio_6;Campinas;false;false;;0;
V01665;A0178;Média;4.9;Veracode;Corrigida;2026-01-15;2026-02-12;Sistema_178;Alta;Produção;Ativo;A0178;Dominio_11;São Paulo;false;false;false;0;28
V01666;A0033;Baixa;3.7;Veracode;Corrigida;2026-01-28;2026-02-21;Sistema_33;Média;Homologação;Ativo;A0033;Dominio_10;Campinas;false;false;false;0;24
V01667;A0068;Média;5.5;Pentest;Aceita;2026-01-20;;Sistema_68;Baixa;Desenvolvimento;Ativo;A0068;Dominio_9;Curitiba;false;false;;0;
V01668;A0196;Média;4.5;Cloud Security;Aberta;2026-07-11;;Sistema_196;Baixa;Desenvolvimento;Ativo;A0196;Dominio_5;Recife;false;false;;0;
V01669;A0050;Alta;8.0;Veracode;Corrigida;2026-05-05;2026-06-21;Sistema_50;Média;Homologação;Em desativação;A0050;Dominio_3;Campinas;false;false;false;0;47
V01670;A0195;Baixa;0.6;Pentest;Corrigida;2026-01-05;2026-03-30;Sistema_195;Alta;Produção;Ativo;A0195;Dominio_4;São Paulo;false;false;false;0;84
V01671;A0181;Média;6.2;Cloud Security;Aberta;2026-02-04;;Sistema_181;Crítica;Produção;Em desativação;A0181;Dominio_2;Campinas;false;false;;0;
V01672;A0091;Baixa;3.6;Qualys;Corrigida;2026-08-23;2026-10-09;Sistema_91;Crítica;Desenvolvimento;Em desativação;A0091;Dominio_8;Curitiba;false;false;true;0;
V01673;A0087;Média;6.6;Cloud Security;Corrigida;2026-05-26;2026-07-19;Sistema_87;Alta;Produção;Ativo;A0087;Dominio_4;Recife;false;false;false;0;54
V01674;A0095;Alta;7.4;Veracode;Corrigida;2026-01-13;2026-02-04;Sistema_95;Alta;Homologação;Ativo;A0095;Dominio_12;Recife;false;false;false;0;22
V01675;A0094;Média;5.3;Qualys;Aberta;2026-08-07;;Sistema_94;Média;Produção;Ativo;A0094;Dominio_11;São Paulo;false;false;;0;
V01676;A0110;Alta;7.7;Cloud Security;Aceita;2026-03-09;;Sistema_110;Baixa;Produção;Em desativação;A0110;Dominio_3;Curitiba;false;false;;0;
V01677;A0044;Baixa;0.7;Veracode;Aceita;2026-02-17;;Sistema_44;Alta;Produção;Ativo;A0044;Dominio_9;Campinas;false;false;;0;
V01678;A0079;Baixa;2.9;Pentest;Em tratamento;2026-02-18;;Sistema_79;Baixa;Desenvolvimento;Ativo;A0079;Dominio_8;Campinas;false;false;;0;
V01679;A0076;Média;6.0;Pentest;Aceita;2026-01-24;;Sistema_76;Baixa;Produção;Ativo;A0076;Dominio_5;Curitiba;false;false;;0;
V01680;A0059;Média;4.8;Veracode;Corrigida;2026-01-16;2026-02-07;Sistema_59;Alta;Desenvolvimento;Ativo;A0059;Dominio_12;Recife;false;false;false;0;22
V01681;A0125;Média;4.4;Pentest;Aberta;2026-02-19;;Sistema_125;Média;Homologação;Em desativação;A0125;Dominio_6;Curitiba;false;false;;0;
V01682;A0155;Alta;8.6;Qualys;Corrigida;2026-09-16;2026-10-26;Sistema_155;Alta;Produção;Ativo;A0155;Dominio_12;São Paulo;false;false;true;0;
V01683;A0172;Baixa;1.4;Qualys;Aberta;2026-07-11;;Sistema_172;Baixa;Homologação;Ativo;A0172;Dominio_5;Recife;false;false;;0;
V01684;A0073;Baixa;0.7;Cloud Security;Aceita;2026-08-26;;Sistema_73;Crítica;Desenvolvimento;Em desativação;A0073;Dominio_2;Recife;false;false;;0;
V01685;A0018;Alta;7.1;Pentest;Corrigida;2026-08-14;2026-10-26;Sistema_18;Média;Produção;Ativo;A0018;Dominio_7;Recife;false;false;true;0;
V01686;A0088;Média;5.6;Qualys;Em tratamento;2026-02-28;;Sistema_88;Crítica;Homologação;Ativo;A0088;Dominio_5;Campinas;false;false;;0;
V01687;A0140;Média;4.0;Qualys;Aceita;2026-04-24;;Sistema_140;Baixa;Desenvolvimento;Ativo;A0140;Dominio_9;São Paulo;false;false;;0;
V01688;A0154;Baixa;2.4;Veracode;Aceita;2026-07-01;;Sistema_154;Média;Desenvolvimento;Ativo;A0154;Dominio_11;Recife;false;false;;0;
V01689;A0071;Média;6.9;Veracode;Aberta;2026-01-01;;Sistema_71;Média;Desenvolvimento;Ativo;A0071;Dominio_12;São Paulo;false;false;;0;
V01690;A0180;Baixa;1.5;Pentest;Aberta;2026-05-10;;Sistema_180;Baixa;Desenvolvimento;Em desativação;A0180;Dominio_1;São Paulo;false;false;;0;
V01691;A0025;Crítica;9.4;Cloud Security;Aberta;;;Sistema_25;Média;Desenvolvimento;Ativo;A0025;Dominio_2;São Paulo;false;true;;0;
V01692;A0074;Crítica;9.0;Cloud Security;Aberta;2026-06-30;;Sistema_74;Baixa;Produção;Em desativação;A0074;Dominio_3;São Paulo;false;false;;0;
V01693;A0110;Alta;8.8;Veracode;Aberta;2026-08-05;;Sistema_110;Baixa;Produção;Em desativação;A0110;Dominio_3;Curitiba;false;false;;0;
V01694;A0051;Baixa;2.7;Veracode;Aceita;2026-03-18;;Sistema_51;Média;Produção;Ativo;A0051;Dominio_4;Recife;false;false;;0;
V01695;A0174;Alta;7.5;Pentest;Aceita;2026-08-23;;Sistema_174;Média;Desenvolvimento;Em desativação;A0174;Dominio_7;Recife;false;false;;0;
V01696;A0071;Baixa;1.8;Veracode;Corrigida;2026-05-14;2026-06-18;Sistema_71;Média;Desenvolvimento;Ativo;A0071;Dominio_12;São Paulo;false;false;false;0;35
V01697;A0161;Baixa;0.7;Qualys;Aberta;2026-08-05;;Sistema_161;Crítica;Homologação;Em desativação;A0161;Dominio_6;Recife;false;false;;0;
V01698;A0182;Alta;7.4;Pentest;Aceita;2026-07-02;;Sistema_182;Baixa;Desenvolvimento;Ativo;A0182;Dominio_3;Campinas;false;false;;0;
V01699;A0040;Baixa;2.3;Cloud Security;Corrigida;2026-09-02;2026-11-02;Sistema_40;Média;Produção;Ativo;A0040;Dominio_5;Campinas;false;false;true;0;
V01700;A0049;Alta;8.0;Cloud Security;Aberta;2026-05-01;;Sistema_49;Baixa;Homologação;Ativo;A0049;Dominio_2;São Paulo;false;false;;0;
V01702;A0088;Média;6.5;Veracode;Em tratamento;2026-04-08;;Sistema_88;Crítica;Homologação;Ativo;A0088;Dominio_5;Campinas;false;false;;0;
V01703;A0095;Crítica;9.2;Pentest;Corrigida;2026-01-23;2026-03-02;Sistema_95;Alta;Homologação;Ativo;A0095;Dominio_12;Recife;false;false;false;0;38
V01704;A0062;Baixa;0.3;Qualys;Corrigida;;2026-08-12;Sistema_62;Baixa;Desenvolvimento;Em desativação;A0062;Dominio_3;São Paulo;false;true;false;0;
V01705;A0074;Baixa;3.7;Pentest;Aceita;2026-04-05;;Sistema_74;Baixa;Produção;Em desativação;A0074;Dominio_3;São Paulo;false;false;;0;
V01706;A0117;Média;5.2;Cloud Security;Aceita;2026-01-21;;Sistema_117;Média;Homologação;Ativo;A0117;Dominio_10;Curitiba;false;false;;0;
V01707;A0160;Alta;8.3;Veracode;Aceita;2026-03-12;;Sistema_160;Média;Desenvolvimento;Ativo;A0160;Dominio_5;Recife;false;false;;0;
V01708;A0026;Crítica;9.7;Pentest;Corrigida;2026-02-26;2026-03-20;Sistema_26;Baixa;Produção;Ativo;A0026;Dominio_3;Recife;false;false;false;0;22
V01709;A0022;Média;4.3;Pentest;Em tratamento;2026-03-20;;Sistema_22;Baixa;Produção;Ativo;A0022;Dominio_11;São Paulo;false;false;;0;
V01710;A0135;Média;5.5;Cloud Security;Corrigida;2026-07-29;2026-09-21;Sistema_135;Alta;Produção;Ativo;A0135;Dominio_4;Recife;false;false;false;0;54
V01711;A0096;Média;6.6;Qualys;Aberta;2026-02-20;;Sistema_96;Baixa;Produção;Ativo;A0096;Dominio_1;São Paulo;false;false;;0;
V01712;A0085;Baixa;0.9;Pentest;Aberta;2026-09-03;;Sistema_85;Baixa;Produção;Ativo;A0085;Dominio_2;Recife;false;false;;0;
V01713;A0031;Baixa;1.3;Veracode;Aberta;2026-07-31;;Sistema_31;Alta;Desenvolvimento;Ativo;A0031;Dominio_8;São Paulo;false;false;;0;
V01714;A0179;Média;4.3;Pentest;Aceita;2026-01-11;;Sistema_179;Baixa;Desenvolvimento;Em desativação;A0179;Dominio_12;Recife;false;false;;0;
V01715;A0064;Baixa;1.6;Qualys;Em tratamento;2026-01-02;;Sistema_64;Crítica;Homologação;Ativo;A0064;Dominio_5;Campinas;false;false;;0;
V01716;A0102;Crítica;9.6;Pentest;Aberta;2026-03-27;;Sistema_102;Crítica;Produção;Ativo;A0102;Dominio_7;São Paulo;false;false;;0;
V01717;A0113;Baixa;3.4;Veracode;Em tratamento;2026-08-04;;Sistema_113;Baixa;Produção;Ativo;A0113;Dominio_6;Campinas;false;false;;0;
V01718;A0013;Baixa;2.7;Cloud Security;Corrigida;2026-03-07;2026-03-17;Sistema_13;Baixa;Não Mapeado;Ativo;A0013;Dominio_2;São Paulo;false;false;false;0;10
V01719;A0010;Crítica;9.5;Pentest;Aceita;2026-06-27;;Sistema_10;Baixa;Produção;Ativo;A0010;Dominio_11;Campinas;false;false;;0;
V01720;A0006;Média;5.0;Cloud Security;Corrigida;2026-04-10;2026-07-02;Sistema_6;Baixa;Produção;Ativo;A0006;Dominio_7;São Paulo;false;false;false;0;83
V01721;A0025;Baixa;2.9;Veracode;Em tratamento;2026-03-28;;Sistema_25;Média;Desenvolvimento;Ativo;A0025;Dominio_2;São Paulo;false;false;;0;
V01722;A0115;Média;4.8;Veracode;Aceita;2026-02-27;;Sistema_115;Crítica;Produção;Ativo;A0115;Dominio_8;São Paulo;false;false;;0;
V01723;A0009;Alta;8.0;Qualys;Em tratamento;2026-07-19;;Sistema_9;Baixa;Desenvolvimento;Ativo;A0009;Dominio_10;Recife;false;false;;0;
V01724;A0117;Baixa;0.9;Pentest;Aberta;2026-08-21;;Sistema_117;Média;Homologação;Ativo;A0117;Dominio_10;Curitiba;false;false;;0;
V01725;A0143;Baixa;0.4;Veracode;Aceita;2026-09-07;;Sistema_143;Média;Homologação;Ativo;A0143;Dominio_12;Curitiba;false;false;;0;
V01726;A0060;Crítica;9.7;Veracode;Em tratamento;2026-04-13;;Sistema_60;Média;Não Mapeado;Ativo;A0060;Dominio_1;Curitiba;false;false;;0;
V01727;A0156;Média;5.8;Cloud Security;Aceita;2026-03-13;;Sistema_156;Média;Produção;Ativo;A0156;Dominio_1;Curitiba;false;false;;0;
V01728;A0197;Baixa;2.5;Cloud Security;Corrigida;2026-01-02;2026-02-12;Sistema_197;Alta;Homologação;Ativo;A0197;Dominio_6;Curitiba;false;false;false;0;41
V01729;A0017;Baixa;0.8;Qualys;Em tratamento;2026-07-07;;Sistema_17;Não Mapeado;Produção;Ativo;A0017;Dominio_6;Campinas;false;false;;0;
V01730;A0134;Alta;8.0;Cloud Security;Em tratamento;2026-06-13;;Sistema_134;Baixa;Desenvolvimento;Ativo;A0134;Dominio_3;Campinas;false;false;;0;
V01731;A0086;Crítica;9.2;Veracode;Corrigida;2026-08-26;2026-11-20;Sistema_86;Média;Produção;Ativo;A0086;Dominio_3;Recife;false;false;true;0;
V01732;A0182;Média;5.2;Pentest;Aberta;2026-01-05;;Sistema_182;Baixa;Desenvolvimento;Ativo;A0182;Dominio_3;Campinas;false;false;;0;
V01733;A0087;Alta;7.5;Qualys;Em tratamento;2026-04-22;;Sistema_87;Alta;Produção;Ativo;A0087;Dominio_4;Recife;false;false;;0;
V01734;A0188;Baixa;0.1;Veracode;Em tratamento;2026-01-04;;Sistema_188;Crítica;Desenvolvimento;Ativo;A0188;Dominio_9;Recife;false;false;;0;
V01735;A0138;Baixa;1.7;Veracode;Em tratamento;2026-01-04;;Sistema_138;Baixa;Desenvolvimento;Em desativação;A0138;Dominio_7;Recife;false;false;;0;
V01736;A0124;Baixa;3.0;Veracode;Aberta;2026-07-29;;Sistema_124;Baixa;Produção;Ativo;A0124;Dominio_5;São Paulo;false;false;;0;
V01737;A0144;Baixa;1.0;Veracode;Corrigida;2026-03-24;2026-05-01;Sistema_144;Crítica;Desenvolvimento;Ativo;A0144;Dominio_1;Curitiba;false;false;false;0;38
V01738;A0006;Média;6.4;Veracode;Aberta;2026-01-28;;Sistema_6;Baixa;Produção;Ativo;A0006;Dominio_7;São Paulo;false;false;;0;
V01739;A0034;Baixa;3.3;Pentest;Corrigida;2026-06-19;2026-09-15;Sistema_34;Não Mapeado;Produção;Em desativação;A0034;Dominio_11;Curitiba;false;false;false;0;88
V01740;A0036;Média;4.7;Pentest;Em tratamento;2026-05-21;;Sistema_36;Crítica;Homologação;Em desativação;A0036;Dominio_1;Recife;false;false;;0;
V01741;A0190;Baixa;2.8;Cloud Security;Corrigida;2026-05-21;2026-06-26;Sistema_190;Alta;Homologação;Ativo;A0190;Dominio_11;Curitiba;false;false;false;0;36
V01742;A0175;Média;5.0;Cloud Security;Em tratamento;2026-09-17;;Sistema_175;Crítica;Homologação;Ativo;A0175;Dominio_8;São Paulo;false;false;;0;
V01743;A0010;Alta;7.9;Cloud Security;Corrigida;2026-03-09;2026-04-03;Sistema_10;Baixa;Produção;Ativo;A0010;Dominio_11;Campinas;false;false;false;0;25
V01744;A0179;Baixa;2.5;Qualys;Corrigida;2026-03-07;2026-04-22;Sistema_179;Baixa;Desenvolvimento;Em desativação;A0179;Dominio_12;Recife;false;false;false;0;46
V01745;A0167;Alta;7.1;Pentest;Aberta;2026-06-24;;Sistema_167;Alta;Produção;Ativo;A0167;Dominio_12;Recife;false;false;;0;
V01746;A0068;Baixa;0.6;Qualys;Em tratamento;2026-01-25;;Sistema_68;Baixa;Desenvolvimento;Ativo;A0068;Dominio_9;Curitiba;false;false;;0;
V01747;A0118;Média;5.3;Qualys;Em tratamento;2026-03-22;;Sistema_118;Baixa;Produção;Ativo;A0118;Dominio_11;Campinas;false;false;;0;
V01748;A0003;Média;4.2;Pentest;Aceita;2026-03-14;;Sistema_3;Média;Homologação;Ativo;A0003;Dominio_4;São Paulo;false;false;;0;
V01749;A0008;Crítica;9.9;Veracode;Em tratamento;2026-03-20;;Sistema_8;Alta;Produção;Ativo;A0008;Dominio_9;São Paulo;false;false;;0;
V01750;A0188;Média;4.0;Qualys;Corrigida;2026-07-05;2026-09-12;Sistema_188;Crítica;Desenvolvimento;Ativo;A0188;Dominio_9;Recife;false;false;false;0;69
V01751;A0129;Média;6.2;Cloud Security;Aberta;2026-02-09;;Sistema_129;Alta;Homologação;Ativo;A0129;Dominio_10;Campinas;false;false;;0;
V01752;A0135;Crítica;9.8;Qualys;Aberta;2026-06-15;;Sistema_135;Alta;Produção;Ativo;A0135;Dominio_4;Recife;false;false;;0;
V01753;A0027;Média;6.7;Veracode;Em tratamento;2026-01-09;;Sistema_27;Baixa;Produção;Ativo;A0027;Dominio_4;Campinas;false;false;;0;
V01754;A0107;Alta;7.2;Pentest;Aceita;2026-06-02;;Sistema_107;Média;Desenvolvimento;Ativo;A0107;Dominio_12;São Paulo;false;false;;0;
V01755;A0065;Média;6.4;Pentest;Corrigida;2026-05-03;2026-06-15;Sistema_65;Média;Desenvolvimento;Ativo;A0065;Dominio_6;Recife;false;false;false;0;43
V01756;A0151;Baixa;1.2;Veracode;Em tratamento;2026-08-13;;Sistema_151;Crítica;Produção;Ativo;A0151;Dominio_8;Recife;false;false;;0;
V01757;A0029;Média;5.2;Pentest;Aberta;2026-06-05;;Sistema_29;Média;Produção;Em desativação;A0029;Dominio_6;Curitiba;false;false;;0;
V01758;A0181;Baixa;1.6;Pentest;Corrigida;2026-05-26;2026-05-27;Sistema_181;Crítica;Produção;Em desativação;A0181;Dominio_2;Campinas;false;false;false;0;1
V01759;A0117;Média;5.2;Veracode;Aberta;2026-01-07;;Sistema_117;Média;Homologação;Ativo;A0117;Dominio_10;Curitiba;false;false;;0;
V01760;A0169;Baixa;3.0;Pentest;Aberta;2026-02-23;;Sistema_169;Alta;Homologação;Ativo;A0169;Dominio_2;Campinas;false;false;;0;
V01761;A0030;Baixa;2.9;Cloud Security;Corrigida;2026-02-23;2026-05-24;Sistema_30;Crítica;Desenvolvimento;Ativo;A0030;Dominio_7;Curitiba;false;false;false;0;90
V01762;A0080;Média;6.8;Qualys;Em tratamento;2026-06-23;;Sistema_80;Crítica;Produção;Ativo;A0080;Dominio_9;Recife;false;false;;0;
V01763;A0116;Baixa;1.0;Veracode;Em tratamento;2026-02-21;;Sistema_116;Crítica;Produção;Ativo;A0116;Dominio_9;Campinas;false;false;;0;
V01764;A0002;Média;5.9;Cloud Security;Aceita;2026-09-07;;Sistema_2;Média;Produção;Em desativação;A0002;Dominio_3;São Paulo;false;false;;0;
V01765;A0058;Média;6.2;Cloud Security;Aceita;2026-08-21;;Sistema_58;Baixa;Homologação;Ativo;A0058;Dominio_11;Recife;false;false;;0;
V01766;A0051;Baixa;0.2;Qualys;Em tratamento;2026-08-03;;Sistema_51;Média;Produção;Ativo;A0051;Dominio_4;Recife;false;false;;0;
V01767;A0107;Baixa;2.6;Pentest;Aceita;2026-07-22;;Sistema_107;Média;Desenvolvimento;Ativo;A0107;Dominio_12;São Paulo;false;false;;0;
V01768;A0115;Baixa;0.3;Veracode;Em tratamento;2026-02-27;;Sistema_115;Crítica;Produção;Ativo;A0115;Dominio_8;São Paulo;false;false;;0;
V01769;A0189;Média;5.2;Veracode;Aceita;2026-06-14;;Sistema_189;Alta;Homologação;Em desativação;A0189;Dominio_10;Curitiba;false;false;;0;
V01770;A0128;Baixa;0.5;Pentest;Aceita;2026-03-23;;Sistema_128;Média;Homologação;Ativo;A0128;Dominio_9;Campinas;false;false;;0;
V01771;A0097;Média;4.7;Pentest;Aceita;2026-02-20;;Sistema_97;Crítica;Homologação;Ativo;A0097;Dominio_2;São Paulo;false;false;;0;
V01772;A0193;Média;5.1;Qualys;Aceita;2026-08-29;;Sistema_193;Média;Produção;Em desativação;A0193;Dominio_2;Recife;false;false;;0;
V01773;A0052;Baixa;3.7;Pentest;Em tratamento;2026-05-17;;Sistema_52;Alta;Produção;Ativo;A0052;Dominio_5;Recife;false;false;;0;
V01774;A0069;Média;4.4;Pentest;Aberta;2026-02-07;;Sistema_69;Crítica;Homologação;Ativo;A0069;Dominio_10;Curitiba;false;false;;0;
V01775;A0088;Alta;7.3;Pentest;Aceita;;;Sistema_88;Crítica;Homologação;Ativo;A0088;Dominio_5;Campinas;false;true;;0;
V01776;A0111;Alta;8.3;Qualys;Em tratamento;2026-09-01;;Sistema_111;Crítica;Produção;Ativo;A0111;Dominio_4;Curitiba;false;false;;0;
V01777;A0107;Alta;8.4;Veracode;Corrigida;2026-07-07;2026-09-10;Sistema_107;Média;Desenvolvimento;Ativo;A0107;Dominio_12;São Paulo;false;false;false;0;65
V01778;A0045;Baixa;2.9;Veracode;Corrigida;2026-01-22;2026-02-26;Sistema_45;Média;Desenvolvimento;Ativo;A0045;Dominio_10;Curitiba;false;false;false;0;35
V01779;A0006;Baixa;2.1;Cloud Security;Aceita;2026-05-06;;Sistema_6;Baixa;Produção;Ativo;A0006;Dominio_7;São Paulo;false;false;;0;
V01780;A0178;Média;5.9;Pentest;Aberta;;;Sistema_178;Alta;Produção;Ativo;A0178;Dominio_11;São Paulo;false;true;;0;
V01781;A0132;Média;6.0;Cloud Security;Em tratamento;2026-07-11;;Sistema_132;Crítica;Desenvolvimento;Ativo;A0132;Dominio_1;Curitiba;false;false;;0;
V01782;A0200;Baixa;0.4;Pentest;Corrigida;2026-03-25;2026-04-25;Sistema_200;Alta;Homologação;Ativo;A0200;Dominio_9;Curitiba;false;false;false;0;31
V01783;A0009;Média;4.8;Pentest;Aceita;2026-01-27;;Sistema_9;Baixa;Desenvolvimento;Ativo;A0009;Dominio_10;Recife;false;false;;0;
V01784;A0146;Baixa;2.1;Pentest;Corrigida;2026-01-05;2026-03-13;Sistema_146;Crítica;Homologação;Em desativação;A0146;Dominio_3;Campinas;false;false;false;0;67
V01785;A0143;Baixa;2.8;Qualys;Em tratamento;2026-01-05;;Sistema_143;Média;Homologação;Ativo;A0143;Dominio_12;Curitiba;false;false;;0;
V01786;A0105;Alta;7.2;Veracode;Corrigida;2026-05-23;2026-06-17;Sistema_105;Média;Homologação;Em desativação;A0105;Dominio_10;Curitiba;false;false;false;0;25
V01787;A0153;Crítica;9.6;Qualys;Aberta;2026-03-24;;Sistema_153;Média;Desenvolvimento;Ativo;A0153;Dominio_10;Recife;false;false;;0;
V01788;A0004;Baixa;0.3;Qualys;Aberta;2026-07-08;;Sistema_4;Alta;Homologação;Ativo;A0004;Dominio_5;Campinas;false;false;;0;
V01789;A0051;Baixa;1.4;Pentest;Corrigida;2026-01-13;2026-01-21;Sistema_51;Média;Produção;Ativo;A0051;Dominio_4;Recife;false;false;false;0;8
V01790;A0008;Média;6.3;Veracode;Em tratamento;2026-08-25;;Sistema_8;Alta;Produção;Ativo;A0008;Dominio_9;São Paulo;false;false;;0;
V01791;A0012;Alta;7.2;Veracode;Aceita;2026-02-21;;Sistema_12;Baixa;Desenvolvimento;Em desativação;A0012;Dominio_1;Recife;false;false;;0;
V01792;A0045;Média;4.2;Cloud Security;Aberta;2026-09-04;;Sistema_45;Média;Desenvolvimento;Ativo;A0045;Dominio_10;Curitiba;false;false;;0;
V01793;A0057;Crítica;9.4;Cloud Security;Em tratamento;2026-09-08;;Sistema_57;Crítica;Homologação;Ativo;A0057;Dominio_10;Campinas;false;false;;0;
V01794;A0139;Baixa;3.7;Pentest;Corrigida;2026-05-31;2026-08-11;Sistema_139;Média;Desenvolvimento;Em desativação;A0139;Dominio_8;Curitiba;false;false;false;0;72
V01795;A0066;Baixa;3.3;Veracode;Aberta;2026-01-01;;Sistema_66;Crítica;Homologação;Ativo;A0066;Dominio_7;Campinas;false;false;;0;
V01796;A0070;Baixa;1.5;Pentest;Aceita;2026-01-07;;Sistema_70;Média;Homologação;Ativo;A0070;Dominio_11;Recife;false;false;;0;
V01797;A0116;Média;4.6;Cloud Security;Corrigida;2026-02-11;2026-04-14;Sistema_116;Crítica;Produção;Ativo;A0116;Dominio_9;Campinas;false;false;false;0;62
V01798;A0011;Crítica;9.8;Pentest;Corrigida;2026-09-04;2026-11-22;Sistema_11;Baixa;Produção;Ativo;A0011;Dominio_12;Campinas;false;false;true;0;
V01799;A0147;Alta;8.3;Cloud Security;Aberta;2026-08-24;;Sistema_147;Média;Desenvolvimento;Ativo;A0147;Dominio_4;Campinas;false;false;;0;
V01800;A0002;Média;6.6;Qualys;Aceita;2026-06-11;;Sistema_2;Média;Produção;Em desativação;A0002;Dominio_3;São Paulo;false;false;;0;
V01801;A0098;Alta;8.7;Veracode;Aceita;2026-04-27;;Sistema_98;Crítica;Homologação;Ativo;A0098;Dominio_3;Recife;false;false;;0;
V01802;A0113;Alta;7.1;Qualys;Em tratamento;2026-04-30;;Sistema_113;Baixa;Produção;Ativo;A0113;Dominio_6;Campinas;false;false;;0;
V01803;A0021;Baixa;1.9;Veracode;Aceita;2026-06-13;;Sistema_21;Baixa;Produção;Ativo;A0021;Dominio_10;São Paulo;false;false;;0;
V01804;A0119;Crítica;9.7;Pentest;Aberta;2026-02-24;;Sistema_119;Média;Homologação;Em desativação;A0119;Dominio_12;Campinas;false;false;;0;
V01805;A0062;Alta;8.2;Veracode;Aberta;2026-03-11;;Sistema_62;Baixa;Desenvolvimento;Em desativação;A0062;Dominio_3;São Paulo;false;false;;0;
V01806;A0011;Baixa;2.3;Qualys;Corrigida;2026-07-24;2026-08-11;Sistema_11;Baixa;Produção;Ativo;A0011;Dominio_12;Campinas;false;false;false;0;18
V01807;A0086;Média;6.1;Pentest;Em tratamento;2026-09-17;;Sistema_86;Média;Produção;Ativo;A0086;Dominio_3;Recife;false;false;;0;
V01808;A0013;Baixa;0.3;Veracode;Aceita;2026-06-24;;Sistema_13;Baixa;Não Mapeado;Ativo;A0013;Dominio_2;São Paulo;false;false;;0;
V01809;A0142;Baixa;3.8;Qualys;Aceita;2026-09-05;;Sistema_142;Média;Homologação;Ativo;A0142;Dominio_11;Recife;false;false;;0;
V01810;A0102;Baixa;2.3;Pentest;Aberta;2026-03-06;;Sistema_102;Crítica;Produção;Ativo;A0102;Dominio_7;São Paulo;false;false;;0;
V01811;A0137;Crítica;9.4;Cloud Security;Em tratamento;2026-05-08;;Sistema_137;Alta;Desenvolvimento;Ativo;A0137;Dominio_6;São Paulo;false;false;;0;
V01812;A0179;Crítica;9.0;Qualys;Em tratamento;2026-02-06;;Sistema_179;Baixa;Desenvolvimento;Em desativação;A0179;Dominio_12;Recife;false;false;;0;
V01813;A0061;Alta;8.3;Pentest;Aberta;2026-08-20;;Sistema_61;Crítica;Homologação;Ativo;A0061;Dominio_2;Recife;false;false;;0;
V01814;A0177;Baixa;1.1;Cloud Security;Aberta;2026-03-16;;Sistema_177;Crítica;Desenvolvimento;Ativo;A0177;Dominio_10;São Paulo;false;false;;0;
V01815;A0083;Baixa;2.9;Cloud Security;Aceita;2026-06-09;;Sistema_83;Alta;Homologação;Em desativação;A0083;Dominio_12;Curitiba;false;false;;0;
V01816;A0127;Crítica;9.7;Qualys;Corrigida;2026-08-19;2026-10-14;Sistema_127;Baixa;Homologação;Ativo;A0127;Dominio_8;São Paulo;false;false;true;0;
V01817;A0194;Alta;7.5;Qualys;Em tratamento;2026-08-14;;Sistema_194;Crítica;Desenvolvimento;Em desativação;A0194;Dominio_3;Campinas;false;false;;0;
V01818;A0133;Média;5.3;Qualys;Em tratamento;2026-03-31;;Sistema_133;Baixa;Desenvolvimento;Em desativação;A0133;Dominio_2;Curitiba;false;false;;0;
V01819;A0012;Baixa;3.1;Cloud Security;Aberta;2026-04-22;;Sistema_12;Baixa;Desenvolvimento;Em desativação;A0012;Dominio_1;Recife;false;false;;0;
V01820;A0003;Alta;8.7;Veracode;Em tratamento;2026-08-25;;Sistema_3;Média;Homologação;Ativo;A0003;Dominio_4;São Paulo;false;false;;0;
V01821;A0062;Alta;7.1;Veracode;Em tratamento;2026-01-24;;Sistema_62;Baixa;Desenvolvimento;Em desativação;A0062;Dominio_3;São Paulo;false;false;;0;
V01822;A0006;Média;5.7;Pentest;Corrigida;2026-07-08;2026-10-01;Sistema_6;Baixa;Produção;Ativo;A0006;Dominio_7;São Paulo;false;false;false;0;85
V01823;A0174;Baixa;0.6;Qualys;Corrigida;2026-09-01;2026-09-05;Sistema_174;Média;Desenvolvimento;Em desativação;A0174;Dominio_7;Recife;false;false;false;0;4
V01824;A0018;Baixa;2.3;Qualys;Em tratamento;2026-07-14;;Sistema_18;Média;Produção;Ativo;A0018;Dominio_7;Recife;false;false;;0;
V01825;A0134;Baixa;3.7;Veracode;Em tratamento;2026-05-06;;Sistema_134;Baixa;Desenvolvimento;Ativo;A0134;Dominio_3;Campinas;false;false;;0;
V01826;A0111;Alta;8.8;Veracode;Em tratamento;2026-04-30;;Sistema_111;Crítica;Produção;Ativo;A0111;Dominio_4;Curitiba;false;false;;0;
V01827;A0153;Média;6.3;Cloud Security;Corrigida;2026-07-20;2026-10-12;Sistema_153;Média;Desenvolvimento;Ativo;A0153;Dominio_10;Recife;false;false;true;0;
V01828;A0087;Crítica;9.2;Cloud Security;Aceita;2026-06-02;;Sistema_87;Alta;Produção;Ativo;A0087;Dominio_4;Recife;false;false;;0;
V01829;A0115;Alta;8.1;Cloud Security;Em tratamento;2026-09-09;;Sistema_115;Crítica;Produção;Ativo;A0115;Dominio_8;São Paulo;false;false;;0;
V01830;A0078;Média;4.7;Cloud Security;Aceita;2026-01-24;;Sistema_78;Crítica;Homologação;Ativo;A0078;Dominio_7;São Paulo;false;false;;0;
V01831;A0025;Crítica;9.4;Qualys;Em tratamento;2026-09-06;;Sistema_25;Média;Desenvolvimento;Ativo;A0025;Dominio_2;São Paulo;false;false;;0;
V01832;A0118;Alta;7.2;Qualys;Aceita;2026-02-20;;Sistema_118;Baixa;Produção;Ativo;A0118;Dominio_11;Campinas;false;false;;0;
V01833;A0068;Baixa;0.1;Qualys;Em tratamento;2026-10-05;;Sistema_68;Baixa;Desenvolvimento;Ativo;A0068;Dominio_9;Curitiba;false;false;;0;
V01834;A0104;Baixa;2.1;Veracode;Aberta;2026-08-04;;Sistema_104;Crítica;Desenvolvimento;Em desativação;A0104;Dominio_9;Campinas;false;false;;0;
V01835;A0182;Média;5.4;Veracode;Aberta;2026-01-03;;Sistema_182;Baixa;Desenvolvimento;Ativo;A0182;Dominio_3;Campinas;false;false;;0;
V01836;A0072;Baixa;2.7;Qualys;Corrigida;2026-01-15;2026-02-07;Sistema_72;Baixa;Desenvolvimento;Ativo;A0072;Dominio_1;Campinas;false;false;false;0;23
V01837;A0010;Baixa;2.8;Qualys;Aberta;2026-07-18;;Sistema_10;Baixa;Produção;Ativo;A0010;Dominio_11;Campinas;false;false;;0;
V01838;A0048;Crítica;9.6;Pentest;Corrigida;2026-02-27;2026-05-15;Sistema_48;Baixa;Produção;Ativo;A0048;Dominio_1;Curitiba;false;false;false;0;77
V01839;A0074;Média;5.5;Veracode;Em tratamento;2026-07-18;;Sistema_74;Baixa;Produção;Em desativação;A0074;Dominio_3;São Paulo;false;false;;0;
V01840;A0111;Baixa;0.9;Pentest;Aceita;2026-03-09;;Sistema_111;Crítica;Produção;Ativo;A0111;Dominio_4;Curitiba;false;false;;0;
V01841;A0050;Média;5.9;Qualys;Aceita;2026-04-30;;Sistema_50;Média;Homologação;Em desativação;A0050;Dominio_3;Campinas;false;false;;0;
V01842;A0154;Alta;7.3;Pentest;Corrigida;2026-06-29;2026-09-23;Sistema_154;Média;Desenvolvimento;Ativo;A0154;Dominio_11;Recife;false;false;false;0;86
V01843;A0183;Baixa;0.4;Cloud Security;Aceita;2026-08-07;;Sistema_183;Média;Produção;Ativo;A0183;Dominio_4;Campinas;false;false;;0;
V01844;A0006;Média;6.6;Qualys;Aceita;2026-04-03;;Sistema_6;Baixa;Produção;Ativo;A0006;Dominio_7;São Paulo;false;false;;0;
V01845;A0096;Baixa;2.6;Veracode;Corrigida;2026-01-27;2026-03-24;Sistema_96;Baixa;Produção;Ativo;A0096;Dominio_1;São Paulo;false;false;false;0;56
V01846;A0087;Baixa;1.8;Veracode;Corrigida;;2026-04-05;Sistema_87;Alta;Produção;Ativo;A0087;Dominio_4;Recife;false;true;false;0;
V01847;A0077;Média;5.4;Qualys;Aceita;2026-04-08;;Sistema_77;Alta;Produção;Ativo;A0077;Dominio_6;Curitiba;false;false;;0;
V01848;A0127;Baixa;3.0;Cloud Security;Corrigida;2026-05-15;2026-08-02;Sistema_127;Baixa;Homologação;Ativo;A0127;Dominio_8;São Paulo;false;false;false;0;79
V01849;A0118;Média;6.4;Veracode;Aceita;2026-02-26;;Sistema_118;Baixa;Produção;Ativo;A0118;Dominio_11;Campinas;false;false;;0;
V01850;A0133;Média;6.4;Veracode;Aberta;2026-01-03;;Sistema_133;Baixa;Desenvolvimento;Em desativação;A0133;Dominio_2;Curitiba;false;false;;0;
V01851;A0128;Crítica;9.6;Cloud Security;Aberta;2026-02-24;;Sistema_128;Média;Homologação;Ativo;A0128;Dominio_9;Campinas;false;false;;0;
V01852;A0081;Média;5.7;Veracode;Em tratamento;2026-06-10;;Sistema_81;Alta;Homologação;Ativo;A0081;Dominio_10;São Paulo;false;false;;0;
V01853;A0136;Alta;8.6;Cloud Security;Aceita;2026-02-12;;Sistema_136;Não Mapeado;Produção;Ativo;A0136;Dominio_5;Curitiba;false;false;;0;
V01854;A0077;Crítica;9.4;Pentest;Em tratamento;2026-01-13;;Sistema_77;Alta;Produção;Ativo;A0077;Dominio_6;Curitiba;false;false;;0;
V01855;A0195;Média;4.0;Qualys;Em tratamento;2026-06-16;;Sistema_195;Alta;Produção;Ativo;A0195;Dominio_4;São Paulo;false;false;;0;
V01856;A0029;Alta;7.8;Pentest;Corrigida;2026-02-14;2026-05-03;Sistema_29;Média;Produção;Em desativação;A0029;Dominio_6;Curitiba;false;false;false;0;78
V01857;A0058;Alta;7.7;Cloud Security;Aberta;2026-05-31;;Sistema_58;Baixa;Homologação;Ativo;A0058;Dominio_11;Recife;false;false;;0;
V01858;A0068;Crítica;9.1;Pentest;Aberta;2026-05-18;;Sistema_68;Baixa;Desenvolvimento;Ativo;A0068;Dominio_9;Curitiba;false;false;;0;
V01859;A0136;Baixa;2.3;Cloud Security;Corrigida;2026-05-17;2026-07-12;Sistema_136;Não Mapeado;Produção;Ativo;A0136;Dominio_5;Curitiba;false;false;false;0;56
V01860;A0140;Baixa;1.3;Pentest;Aceita;2026-03-10;;Sistema_140;Baixa;Desenvolvimento;Ativo;A0140;Dominio_9;São Paulo;false;false;;0;
V01861;A0155;Baixa;2.2;Veracode;Em tratamento;2026-01-26;;Sistema_155;Alta;Produção;Ativo;A0155;Dominio_12;São Paulo;false;false;;0;
V01862;A0128;Baixa;1.3;Veracode;Aceita;2026-01-10;;Sistema_128;Média;Homologação;Ativo;A0128;Dominio_9;Campinas;false;false;;0;
V01863;A0040;Baixa;3.6;Qualys;Aberta;2026-06-11;;Sistema_40;Média;Produção;Ativo;A0040;Dominio_5;Campinas;false;false;;0;
V01864;A0029;Média;6.9;Cloud Security;Em tratamento;2026-03-21;;Sistema_29;Média;Produção;Em desativação;A0029;Dominio_6;Curitiba;false;false;;0;
V01865;A0048;Baixa;2.0;Qualys;Em tratamento;2026-01-08;;Sistema_48;Baixa;Produção;Ativo;A0048;Dominio_1;Curitiba;false;false;;0;
V01866;A0057;Baixa;1.1;Qualys;Em tratamento;2026-02-22;;Sistema_57;Crítica;Homologação;Ativo;A0057;Dominio_10;Campinas;false;false;;0;
V01867;A0098;Baixa;2.3;Cloud Security;Em tratamento;2026-06-30;;Sistema_98;Crítica;Homologação;Ativo;A0098;Dominio_3;Recife;false;false;;0;
V01868;A0046;Média;4.9;Veracode;Em tratamento;2026-05-21;;Sistema_46;Baixa;Homologação;Ativo;A0046;Dominio_11;Recife;false;false;;0;
V01869;A0082;Baixa;2.2;Pentest;Corrigida;;2026-06-03;Sistema_82;Média;Produção;Ativo;A0082;Dominio_11;São Paulo;false;true;false;0;
V01870;A0082;Baixa;1.9;Pentest;Em tratamento;2026-05-30;;Sistema_82;Média;Produção;Ativo;A0082;Dominio_11;São Paulo;false;false;;0;
V01871;A0006;Alta;8.0;Cloud Security;Aceita;2026-07-23;;Sistema_6;Baixa;Produção;Ativo;A0006;Dominio_7;São Paulo;false;false;;0;
V01872;A0063;Crítica;9.3;Veracode;Em tratamento;2026-05-13;;Sistema_63;Alta;Homologação;Ativo;A0063;Dominio_4;Campinas;false;false;;0;
V01873;A0133;Crítica;9.3;Veracode;Corrigida;2026-03-25;2026-05-29;Sistema_133;Baixa;Desenvolvimento;Em desativação;A0133;Dominio_2;Curitiba;false;false;false;0;65
V01874;A0011;Média;6.2;Pentest;Corrigida;2026-09-14;2026-11-27;Sistema_11;Baixa;Produção;Ativo;A0011;Dominio_12;Campinas;false;false;true;0;
V01875;A0045;Média;4.7;Pentest;Em tratamento;2026-02-25;;Sistema_45;Média;Desenvolvimento;Ativo;A0045;Dominio_10;Curitiba;false;false;;0;
V01876;A0115;Média;6.0;Veracode;Corrigida;2026-09-10;2026-09-23;Sistema_115;Crítica;Produção;Ativo;A0115;Dominio_8;São Paulo;false;false;false;0;13
V01877;A0040;Baixa;2.7;Veracode;Corrigida;2026-08-04;2026-08-25;Sistema_40;Média;Produção;Ativo;A0040;Dominio_5;Campinas;false;false;false;0;21
V01878;A0086;Média;4.3;Qualys;Em tratamento;2026-02-01;;Sistema_86;Média;Produção;Ativo;A0086;Dominio_3;Recife;false;false;;0;
V01879;A0037;Baixa;3.7;Veracode;Aceita;2026-05-29;;Sistema_37;Média;Homologação;Ativo;A0037;Dominio_2;São Paulo;false;false;;0;
V01880;A0027;Alta;8.4;Cloud Security;Corrigida;2026-12-09;2026-09-13;Sistema_27;Baixa;Produção;Ativo;A0027;Dominio_4;Campinas;false;false;false;1;
V01881;A0038;Alta;8.2;Qualys;Corrigida;2026-08-17;2026-10-29;Sistema_38;Média;Desenvolvimento;Ativo;A0038;Dominio_3;Curitiba;false;false;true;0;
V01882;A0178;Baixa;0.3;Cloud Security;Aberta;2026-01-09;;Sistema_178;Alta;Produção;Ativo;A0178;Dominio_11;São Paulo;false;false;;0;
V01883;A0024;Média;4.7;Qualys;Aberta;2026-03-29;;Sistema_24;Baixa;Produção;Ativo;A0024;Dominio_1;São Paulo;false;false;;0;
V01884;A0070;Alta;8.8;Cloud Security;Aceita;2026-03-01;;Sistema_70;Média;Homologação;Ativo;A0070;Dominio_11;Recife;false;false;;0;
V01885;A0046;Baixa;1.1;Cloud Security;Aberta;2026-07-02;;Sistema_46;Baixa;Homologação;Ativo;A0046;Dominio_11;Recife;false;false;;0;
V01886;A0147;Alta;8.6;Pentest;Aberta;2026-06-21;;Sistema_147;Média;Desenvolvimento;Ativo;A0147;Dominio_4;Campinas;false;false;;0;
V01887;A0091;Alta;7.9;Pentest;Aceita;2026-05-06;;Sistema_91;Crítica;Desenvolvimento;Em desativação;A0091;Dominio_8;Curitiba;false;false;;0;
V01888;A0075;Baixa;3.5;Veracode;Aberta;2026-09-06;;Sistema_75;Baixa;Desenvolvimento;Ativo;A0075;Dominio_4;Campinas;false;false;;0;
V01889;A0116;Média;6.8;Pentest;Aceita;2026-09-18;;Sistema_116;Crítica;Produção;Ativo;A0116;Dominio_9;Campinas;false;false;;0;
V01890;A0088;Média;4.6;Veracode;Aberta;2026-03-19;;Sistema_88;Crítica;Homologação;Ativo;A0088;Dominio_5;Campinas;false;false;;0;
V01891;A0060;Baixa;3.1;Veracode;Corrigida;2026-03-25;2026-06-17;Sistema_60;Média;Não Mapeado;Ativo;A0060;Dominio_1;Curitiba;false;false;false;0;84
V01892;A0012;Alta;7.4;Pentest;Aceita;2026-08-31;;Sistema_12;Baixa;Desenvolvimento;Em desativação;A0012;Dominio_1;Recife;false;false;;0;
V01893;A0183;Baixa;2.4;Veracode;Aberta;2026-04-17;;Sistema_183;Média;Produção;Ativo;A0183;Dominio_4;Campinas;false;false;;0;
V01894;A0052;Média;4.4;Cloud Security;Aceita;2026-01-12;;Sistema_52;Alta;Produção;Ativo;A0052;Dominio_5;Recife;false;false;;0;
V01895;A0131;Média;6.3;Veracode;Aceita;2026-06-21;;Sistema_131;Baixa;Produção;Ativo;A0131;Dominio_12;Curitiba;false;false;;0;
V01896;A0096;Crítica;9.3;Cloud Security;Em tratamento;2026-01-12;;Sistema_96;Baixa;Produção;Ativo;A0096;Dominio_1;São Paulo;false;false;;0;
V01897;A0194;Baixa;1.9;Pentest;Aberta;2026-06-13;;Sistema_194;Crítica;Desenvolvimento;Em desativação;A0194;Dominio_3;Campinas;false;false;;0;
V01898;A0010;Crítica;9.0;Qualys;Aberta;2026-06-03;;Sistema_10;Baixa;Produção;Ativo;A0010;Dominio_11;Campinas;false;false;;0;
V01899;A0024;Alta;7.5;Pentest;Em tratamento;2026-07-09;;Sistema_24;Baixa;Produção;Ativo;A0024;Dominio_1;São Paulo;false;false;;0;
V01900;A0120;Alta;7.4;Veracode;Em tratamento;2026-03-26;;Sistema_120;Alta;Produção;Ativo;A0120;Dominio_1;São Paulo;false;false;;0;
V01901;A0093;Média;4.8;Cloud Security;Corrigida;2026-03-27;2026-06-08;Sistema_93;Alta;Produção;Ativo;A0093;Dominio_10;Curitiba;false;false;false;0;73
V01902;A0124;Baixa;3.6;Qualys;Aceita;2026-09-05;;Sistema_124;Baixa;Produção;Ativo;A0124;Dominio_5;São Paulo;false;false;;0;
V01903;A0177;Alta;7.5;Cloud Security;Aberta;2026-02-16;;Sistema_177;Crítica;Desenvolvimento;Ativo;A0177;Dominio_10;São Paulo;false;false;;0;
V01904;A0136;Baixa;3.7;Cloud Security;Corrigida;2026-03-05;2026-05-13;Sistema_136;Não Mapeado;Produção;Ativo;A0136;Dominio_5;Curitiba;false;false;false;0;69
V01905;A0157;Média;5.8;Qualys;Aberta;2026-08-30;;Sistema_157;Alta;Desenvolvimento;Ativo;A0157;Dominio_2;Recife;false;false;;0;
V01906;A0085;Média;6.0;Veracode;Aceita;2026-07-09;;Sistema_85;Baixa;Produção;Ativo;A0085;Dominio_2;Recife;false;false;;0;
V01907;A0061;Alta;8.5;Qualys;Aceita;2026-04-19;;Sistema_61;Crítica;Homologação;Ativo;A0061;Dominio_2;Recife;false;false;;0;
V01908;A0002;Média;5.5;Veracode;Aceita;2026-03-20;;Sistema_2;Média;Produção;Em desativação;A0002;Dominio_3;São Paulo;false;false;;0;
V01909;A0045;Crítica;10.0;Pentest;Em tratamento;2026-08-07;;Sistema_45;Média;Desenvolvimento;Ativo;A0045;Dominio_10;Curitiba;false;false;;0;
V01910;A0084;Alta;8.9;Cloud Security;Aceita;2026-01-26;;Sistema_84;Alta;Desenvolvimento;Em desativação;A0084;Dominio_1;Recife;false;false;;0;
V01911;A0075;Alta;8.1;Pentest;Em tratamento;2026-06-18;;Sistema_75;Baixa;Desenvolvimento;Ativo;A0075;Dominio_4;Campinas;false;false;;0;
V01912;A0011;Média;5.8;Qualys;Aceita;2026-07-06;;Sistema_11;Baixa;Produção;Ativo;A0011;Dominio_12;Campinas;false;false;;0;
V01913;A0107;Alta;7.3;Veracode;Em tratamento;2026-03-01;;Sistema_107;Média;Desenvolvimento;Ativo;A0107;Dominio_12;São Paulo;false;false;;0;
V01914;A0119;Baixa;0.3;Qualys;Corrigida;2026-04-25;2026-07-16;Sistema_119;Média;Homologação;Em desativação;A0119;Dominio_12;Campinas;false;false;false;0;82
V01915;A0195;Média;4.3;Pentest;Aceita;2026-04-07;;Sistema_195;Alta;Produção;Ativo;A0195;Dominio_4;São Paulo;false;false;;0;
V01916;A0027;Alta;7.7;Veracode;Corrigida;2026-07-15;2026-10-09;Sistema_27;Baixa;Produção;Ativo;A0027;Dominio_4;Campinas;false;false;true;0;
V01917;A0091;Alta;8.3;Qualys;Aberta;;;Sistema_91;Crítica;Desenvolvimento;Em desativação;A0091;Dominio_8;Curitiba;false;true;;0;
V01918;A0081;Baixa;1.8;Qualys;Aceita;2026-04-09;;Sistema_81;Alta;Homologação;Ativo;A0081;Dominio_10;São Paulo;false;false;;0;
V01919;A0023;Baixa;2.8;Qualys;Em tratamento;2026-03-19;;Sistema_23;Média;Desenvolvimento;Em desativação;A0023;Dominio_12;Campinas;false;false;;0;
V01920;A0160;Baixa;1.1;Veracode;Corrigida;2026-05-20;2026-07-06;Sistema_160;Média;Desenvolvimento;Ativo;A0160;Dominio_5;Recife;false;false;false;0;47
V01921;A0070;Média;4.0;Pentest;Aberta;2026-05-18;;Sistema_70;Média;Homologação;Ativo;A0070;Dominio_11;Recife;false;false;;0;
V01922;A0054;Média;6.6;Cloud Security;Aberta;2026-07-04;;Sistema_54;Baixa;Homologação;Ativo;A0054;Dominio_7;São Paulo;false;false;;0;
V01923;A0053;Crítica;9.2;Veracode;Aceita;2026-08-17;;Sistema_53;Baixa;Homologação;Ativo;A0053;Dominio_6;Campinas;false;false;;0;
V01924;A0076;Baixa;3.0;Veracode;Aceita;2026-02-25;;Sistema_76;Baixa;Produção;Ativo;A0076;Dominio_5;Curitiba;false;false;;0;
V01925;A0174;Baixa;2.7;Qualys;Em tratamento;2026-09-14;;Sistema_174;Média;Desenvolvimento;Em desativação;A0174;Dominio_7;Recife;false;false;;0;
V01926;A0167;Baixa;2.0;Cloud Security;Corrigida;2026-02-10;2026-04-25;Sistema_167;Alta;Produção;Ativo;A0167;Dominio_12;Recife;false;false;false;0;74
V01927;A0061;Alta;7.2;Veracode;Corrigida;2026-05-01;2026-03-07;Sistema_61;Crítica;Homologação;Ativo;A0061;Dominio_2;Recife;false;false;false;1;
V01928;A0060;Média;6.0;Pentest;Em tratamento;2026-03-16;;Sistema_60;Média;Não Mapeado;Ativo;A0060;Dominio_1;Curitiba;false;false;;0;
V01929;A0200;Baixa;2.6;Qualys;Aceita;2026-08-15;;Sistema_200;Alta;Homologação;Ativo;A0200;Dominio_9;Curitiba;false;false;;0;
V01930;A0059;Média;6.1;Veracode;Em tratamento;2026-04-11;;Sistema_59;Alta;Desenvolvimento;Ativo;A0059;Dominio_12;Recife;false;false;;0;
V01931;A0136;Crítica;9.4;Cloud Security;Corrigida;2026-08-27;2026-11-14;Sistema_136;Não Mapeado;Produção;Ativo;A0136;Dominio_5;Curitiba;false;false;true;0;
V01932;A0141;Baixa;2.2;Cloud Security;Corrigida;2026-03-13;2026-04-26;Sistema_141;Crítica;Produção;Ativo;A0141;Dominio_10;Curitiba;false;false;false;0;44
V01933;A0120;Média;4.7;Cloud Security;Em tratamento;2026-09-10;;Sistema_120;Alta;Produção;Ativo;A0120;Dominio_1;São Paulo;false;false;;0;
V01934;A0041;Média;6.5;Pentest;Aceita;2026-06-01;;Sistema_41;Alta;Homologação;Em desativação;A0041;Dominio_6;Campinas;false;false;;0;
V01935;A0157;Baixa;1.7;Cloud Security;Corrigida;2026-09-14;2026-10-07;Sistema_157;Alta;Desenvolvimento;Ativo;A0157;Dominio_2;Recife;false;false;true;0;
V01936;A0099;Baixa;1.1;Veracode;Aberta;2026-03-17;;Sistema_99;Alta;Produção;Ativo;A0099;Dominio_4;Recife;false;false;;0;
V01937;A0175;Baixa;3.9;Pentest;Em tratamento;2026-06-20;;Sistema_175;Crítica;Homologação;Ativo;A0175;Dominio_8;São Paulo;false;false;;0;
V01938;A0096;Alta;8.5;Pentest;Corrigida;2026-06-18;2026-09-15;Sistema_96;Baixa;Produção;Ativo;A0096;Dominio_1;São Paulo;false;false;false;0;89
V01939;A0034;Média;6.2;Qualys;Corrigida;2026-03-24;2026-05-13;Sistema_34;Não Mapeado;Produção;Em desativação;A0034;Dominio_11;Curitiba;false;false;false;0;50
V01940;A0199;Média;5.4;Qualys;Aberta;2026-01-25;;Sistema_199;Crítica;Homologação;Ativo;A0199;Dominio_8;Recife;false;false;;0;
V01941;A0034;Crítica;9.5;Qualys;Em tratamento;2026-06-27;;Sistema_34;Não Mapeado;Produção;Em desativação;A0034;Dominio_11;Curitiba;false;false;;0;
V01942;A0093;Média;5.9;Qualys;Em tratamento;2026-06-06;;Sistema_93;Alta;Produção;Ativo;A0093;Dominio_10;Curitiba;false;false;;0;
V01943;A0082;Média;5.8;Qualys;Aberta;2026-08-28;;Sistema_82;Média;Produção;Ativo;A0082;Dominio_11;São Paulo;false;false;;0;
V01944;A0161;Crítica;9.1;Qualys;Aceita;2026-03-05;;Sistema_161;Crítica;Homologação;Em desativação;A0161;Dominio_6;Recife;false;false;;0;
V01945;A0036;Baixa;2.1;Veracode;Aberta;2026-06-01;;Sistema_36;Crítica;Homologação;Em desativação;A0036;Dominio_1;Recife;false;false;;0;
V01946;A0131;Baixa;3.3;Qualys;Aceita;2026-07-02;;Sistema_131;Baixa;Produção;Ativo;A0131;Dominio_12;Curitiba;false;false;;0;
V01947;A0066;Baixa;2.7;Pentest;Aberta;2026-01-04;;Sistema_66;Crítica;Homologação;Ativo;A0066;Dominio_7;Campinas;false;false;;0;
V01948;A0135;Baixa;0.2;Qualys;Em tratamento;2026-03-23;;Sistema_135;Alta;Produção;Ativo;A0135;Dominio_4;Recife;false;false;;0;
V01949;A0174;Alta;7.2;Qualys;Aberta;2026-06-16;;Sistema_174;Média;Desenvolvimento;Em desativação;A0174;Dominio_7;Recife;false;false;;0;
V01950;A0181;Crítica;9.8;Veracode;Em tratamento;2026-03-08;;Sistema_181;Crítica;Produção;Em desativação;A0181;Dominio_2;Campinas;false;false;;0;
V01951;A0033;Média;4.8;Cloud Security;Aceita;2026-06-28;;Sistema_33;Média;Homologação;Ativo;A0033;Dominio_10;Campinas;false;false;;0;
V01952;A0162;Média;4.9;Qualys;Aberta;2026-04-21;;Sistema_162;Média;Produção;Em desativação;A0162;Dominio_7;Recife;false;false;;0;
V01953;A0100;Baixa;0.6;Pentest;Aberta;2026-06-19;;Sistema_100;Alta;Produção;Ativo;A0100;Dominio_5;São Paulo;false;false;;0;
V01954;A0186;Baixa;1.9;Pentest;Corrigida;2026-02-28;2026-04-14;Sistema_186;Média;Desenvolvimento;Ativo;A0186;Dominio_7;Campinas;false;false;false;0;45
V01955;A0166;Média;5.3;Qualys;Em tratamento;2026-03-02;;Sistema_166;Média;Desenvolvimento;Ativo;A0166;Dominio_11;Curitiba;false;false;;0;
V01956;A0160;Média;6.3;Veracode;Em tratamento;2026-06-17;;Sistema_160;Média;Desenvolvimento;Ativo;A0160;Dominio_5;Recife;false;false;;0;
V01957;A0146;Média;6.0;Pentest;Em tratamento;2026-02-25;;Sistema_146;Crítica;Homologação;Em desativação;A0146;Dominio_3;Campinas;false;false;;0;
V01958;A0033;Média;6.8;Qualys;Corrigida;;2026-03-01;Sistema_33;Média;Homologação;Ativo;A0033;Dominio_10;Campinas;false;true;false;0;
V01959;A0193;Baixa;1.5;Veracode;Corrigida;2026-03-31;2026-04-11;Sistema_193;Média;Produção;Em desativação;A0193;Dominio_2;Recife;false;false;false;0;11
V01960;A0116;Alta;7.5;Qualys;Em tratamento;2026-05-23;;Sistema_116;Crítica;Produção;Ativo;A0116;Dominio_9;Campinas;false;false;;0;
V01961;A0003;Baixa;2.7;Pentest;Em tratamento;2026-07-23;;Sistema_3;Média;Homologação;Ativo;A0003;Dominio_4;São Paulo;false;false;;0;
V01962;A0096;Média;5.2;Qualys;Corrigida;2026-03-10;2026-04-12;Sistema_96;Baixa;Produção;Ativo;A0096;Dominio_1;São Paulo;false;false;false;0;33
V01963;A0068;Alta;8.0;Cloud Security;Em tratamento;2026-02-16;;Sistema_68;Baixa;Desenvolvimento;Ativo;A0068;Dominio_9;Curitiba;false;false;;0;
V01964;A0099;Alta;8.5;Qualys;Corrigida;2026-07-24;2026-08-28;Sistema_99;Alta;Produção;Ativo;A0099;Dominio_4;Recife;false;false;false;0;35
V01965;A0053;Média;5.6;Veracode;Corrigida;2026-09-15;2026-12-02;Sistema_53;Baixa;Homologação;Ativo;A0053;Dominio_6;Campinas;false;false;true;0;
V01966;A0016;Crítica;9.6;Pentest;Aberta;2026-03-21;;Sistema_16;Baixa;Homologação;Ativo;A0016;Dominio_5;Campinas;false;false;;0;
V01967;A0014;Alta;7.7;Cloud Security;Aberta;2026-02-15;;Sistema_14;Crítica;Homologação;Ativo;A0014;Dominio_3;Campinas;false;false;;0;
V01968;A0121;Baixa;0.4;Pentest;Aberta;2026-05-21;;Sistema_121;Crítica;Homologação;Ativo;A0121;Dominio_2;Recife;false;false;;0;
V01969;A0105;Baixa;3.1;Qualys;Em tratamento;2026-07-21;;Sistema_105;Média;Homologação;Em desativação;A0105;Dominio_10;Curitiba;false;false;;0;
V01970;A0117;Crítica;9.1;Veracode;Aberta;2026-03-09;;Sistema_117;Média;Homologação;Ativo;A0117;Dominio_10;Curitiba;false;false;;0;
V01971;A0185;Baixa;0.9;Cloud Security;Em tratamento;2026-01-10;;Sistema_185;Média;Produção;Ativo;A0185;Dominio_6;Curitiba;false;false;;0;
V01972;A0074;Alta;8.4;Veracode;Corrigida;2026-01-02;2026-03-31;Sistema_74;Baixa;Produção;Em desativação;A0074;Dominio_3;São Paulo;false;false;false;0;88
V01973;A0091;Baixa;0.1;Pentest;Aberta;2026-03-24;;Sistema_91;Crítica;Desenvolvimento;Em desativação;A0091;Dominio_8;Curitiba;false;false;;0;
V01974;A0030;Baixa;3.6;Qualys;Aberta;2026-07-15;;Sistema_30;Crítica;Desenvolvimento;Ativo;A0030;Dominio_7;Curitiba;false;false;;0;
V01975;A0067;Crítica;9.7;Veracode;Corrigida;2026-01-03;2026-01-05;Sistema_67;Baixa;Homologação;Ativo;A0067;Dominio_8;Recife;false;false;false;0;2
V01976;A0144;Baixa;1.1;Veracode;Aberta;2026-05-29;;Sistema_144;Crítica;Desenvolvimento;Ativo;A0144;Dominio_1;Curitiba;false;false;;0;
V01977;A0012;Baixa;0.2;Cloud Security;Corrigida;2026-08-04;2026-10-06;Sistema_12;Baixa;Desenvolvimento;Em desativação;A0012;Dominio_1;Recife;false;false;true;0;
V01978;A0139;Média;6.5;Pentest;Em tratamento;2026-08-12;;Sistema_139;Média;Desenvolvimento;Em desativação;A0139;Dominio_8;Curitiba;false;false;;0;
V01979;A0087;Média;5.8;Cloud Security;Em tratamento;2026-09-06;;Sistema_87;Alta;Produção;Ativo;A0087;Dominio_4;Recife;false;false;;0;
V01980;A0123;Baixa;3.0;Pentest;Aceita;2026-04-19;;Sistema_123;Baixa;Produção;Ativo;A0123;Dominio_4;Curitiba;false;false;;0;
V01981;A0039;Média;5.0;Qualys;Em tratamento;2026-04-15;;Sistema_39;Crítica;Desenvolvimento;Ativo;A0039;Dominio_4;Campinas;false;false;;0;
V01982;A0090;Baixa;0.9;Qualys;Aceita;2026-09-10;;Sistema_90;Crítica;Desenvolvimento;Ativo;A0090;Dominio_7;São Paulo;false;false;;0;
V01983;A0068;Média;5.2;Veracode;Aceita;2026-02-28;;Sistema_68;Baixa;Desenvolvimento;Ativo;A0068;Dominio_9;Curitiba;false;false;;0;
V01984;A0012;Alta;7.1;Veracode;Aceita;2026-02-07;;Sistema_12;Baixa;Desenvolvimento;Em desativação;A0012;Dominio_1;Recife;false;false;;0;
V01985;A0020;Alta;8.4;Pentest;Corrigida;2026-03-11;2026-05-16;Sistema_20;Alta;Produção;Em desativação;A0020;Dominio_9;Recife;false;false;false;0;66
V01986;A0158;Baixa;0.8;Pentest;Aceita;2026-07-12;;Sistema_158;Alta;Desenvolvimento;Em desativação;A0158;Dominio_3;Curitiba;false;false;;0;
V01987;A0161;Média;4.4;Pentest;Aberta;2026-03-01;;Sistema_161;Crítica;Homologação;Em desativação;A0161;Dominio_6;Recife;false;false;;0;
V01988;A0136;Baixa;0.5;Pentest;Aceita;;;Sistema_136;Não Mapeado;Produção;Ativo;A0136;Dominio_5;Curitiba;false;true;;0;
V01989;A0184;Baixa;0.5;Pentest;Aberta;2026-09-08;;Sistema_184;Crítica;Produção;Em desativação;A0184;Dominio_5;Recife;false;false;;0;
V01990;A0014;Baixa;1.2;Veracode;Aberta;2026-09-18;;Sistema_14;Crítica;Homologação;Ativo;A0014;Dominio_3;Campinas;false;false;;0;
V01991;A0133;Crítica;9.3;Veracode;Aceita;2026-03-22;;Sistema_133;Baixa;Desenvolvimento;Em desativação;A0133;Dominio_2;Curitiba;false;false;;0;
V01992;A0139;Alta;7.5;Veracode;Em tratamento;2026-05-24;;Sistema_139;Média;Desenvolvimento;Em desativação;A0139;Dominio_8;Curitiba;false;false;;0;
V01993;A0148;Média;5.2;Veracode;Em tratamento;2026-02-08;;Sistema_148;Alta;Produção;Ativo;A0148;Dominio_5;São Paulo;false;false;;0;
V01994;A0124;Média;4.2;Cloud Security;Em tratamento;2026-02-05;;Sistema_124;Baixa;Produção;Ativo;A0124;Dominio_5;São Paulo;false;false;;0;
V01995;A0086;Média;5.8;Qualys;Em tratamento;2026-09-06;;Sistema_86;Média;Produção;Ativo;A0086;Dominio_3;Recife;false;false;;0;
V01996;A0128;Alta;7.6;Veracode;Aberta;2026-07-29;;Sistema_128;Média;Homologação;Ativo;A0128;Dominio_9;Campinas;false;false;;0;
V01997;A0015;Média;6.2;Pentest;Aceita;2026-02-25;;Sistema_15;Média;Homologação;Ativo;A0015;Dominio_4;Recife;false;false;;0;
V01998;A0060;Baixa;0.6;Veracode;Corrigida;2026-07-04;2026-07-17;Sistema_60;Média;Não Mapeado;Ativo;A0060;Dominio_1;Curitiba;false;false;false;0;13
V01999;A0046;Crítica;9.0;Veracode;Aberta;2026-07-26;;Sistema_46;Baixa;Homologação;Ativo;A0046;Dominio_11;Recife;false;false;;0;
V02000;A0184;Crítica;9.3;Pentest;Em tratamento;2026-06-02;;Sistema_184;Crítica;Produção;Em desativação;A0184;Dominio_5;Recife;false;false;;0;
V00101;A9999;Baixa;3.9;Cloud Security;Aceita;2026-06-08;;Sistema Desconhecido;Não Mapeado;Ambiente Desconhecido;Desconhecido;Não encontrado;Não encontrado;Não encontrado;true;false;;0;
V00501;A9999;Média;4.7;Veracode;Em tratamento;2026-05-07;;Sistema Desconhecido;Não Mapeado;Ambiente Desconhecido;Desconhecido;Não encontrado;Não encontrado;Não encontrado;true;false;;0;
V00901;A9999;Média;5.8;Cloud Security;Corrigida;2026-01-04;2026-03-29;Sistema Desconhecido;Não Mapeado;Ambiente Desconhecido;Desconhecido;Não encontrado;Não encontrado;Não encontrado;true;false;false;0;84
V01301;A9999;Alta;7.5;Cloud Security;Corrigida;2026-07-21;2026-09-23;Sistema Desconhecido;Não Mapeado;Ambiente Desconhecido;Desconhecido;Não encontrado;Não encontrado;Não encontrado;true;false;false;0;64
V01701;A9999;Média;5.8;Cloud Security;Corrigida;2026-04-08;2026-05-31;Sistema Desconhecido;Não Mapeado;Ambiente Desconhecido;Desconhecido;Não encontrado;Não encontrado;Não encontrado;true;false;false;0;53
